source,target,synapse_count
720575940599736492,720575940622829132,5.0
720575940602380768,720575940603533246,7.0
720575940602380768,720575940618342966,6.0
720575940602380768,720575940619188577,11.0
720575940602380768,720575940625345328,13.0
720575940602380768,720575940628033944,7.0
720575940602380768,720575940628125775,12.0
720575940602380768,720575940635330204,10.0
720575940602380768,720575940637299172,7.0
720575940602879404,720575940603533246,12.0
720575940602879404,720575940607775106,6.0
720575940602879404,720575940610348773,13.0
720575940602879404,720575940610505006,5.0
720575940602879404,720575940611644529,6.0
720575940602879404,720575940612054425,13.0
720575940602879404,720575940613183717,10.0
720575940602879404,720575940613707431,12.0
720575940602879404,720575940615723314,11.0
720575940602879404,720575940618969758,11.0
720575940602879404,720575940620537153,21.0
720575940602879404,720575940621457079,9.0
720575940602879404,720575940623579063,12.0
720575940602879404,720575940626002575,15.0
720575940602879404,720575940627015196,16.0
720575940602879404,720575940627111752,7.0
720575940602879404,720575940631842360,29.0
720575940602879404,720575940632043576,20.0
720575940602879404,720575940632472850,18.0
720575940602879404,720575940635967886,64.0
720575940602879404,720575940640945115,14.0
720575940603533246,720575940620866036,5.0
720575940603533246,720575940627490459,6.0
720575940603636913,720575940602879404,48.0
720575940603636913,720575940606111433,6.0
720575940603636913,720575940609073347,45.0
720575940603636913,720575940612054425,26.0
720575940603636913,720575940614026390,5.0
720575940603636913,720575940614710509,10.0
720575940603636913,720575940618089851,16.0
720575940603636913,720575940618342966,29.0
720575940603636913,720575940619109915,13.0
720575940603636913,720575940619130096,18.0
720575940603636913,720575940620622452,67.0
720575940603636913,720575940620835327,11.0
720575940603636913,720575940620866036,7.0
720575940603636913,720575940621148660,19.0
720575940603636913,720575940621457079,13.0
720575940603636913,720575940621555603,72.0
720575940603636913,720575940624134296,24.0
720575940603636913,720575940624504212,13.0
720575940603636913,720575940625345328,21.0
720575940603636913,720575940625887631,147.0
720575940603636913,720575940626052647,10.0
720575940603636913,720575940626243614,5.0
720575940603636913,720575940626381882,43.0
720575940603636913,720575940626592387,6.0
720575940603636913,720575940627015196,9.0
720575940603636913,720575940627218882,10.0
720575940603636913,720575940627962844,7.0
720575940603636913,720575940628370732,6.0
720575940603636913,720575940628404227,6.0
720575940603636913,720575940630749523,29.0
720575940603636913,720575940631328738,18.0
720575940603636913,720575940632043576,6.0
720575940603636913,720575940632985261,20.0
720575940603636913,720575940632998136,15.0
720575940603636913,720575940633714402,16.0
720575940603636913,720575940635330204,18.0
720575940603636913,720575940635749751,19.0
720575940603636913,720575940635831438,6.0
720575940603636913,720575940636030185,46.0
720575940603636913,720575940637299172,10.0
720575940603636913,720575940641629344,16.0
720575940603636913,720575940660314241,6.0
720575940604783136,720575940603533246,6.0
720575940604783136,720575940605676210,14.0
720575940604783136,720575940609673369,15.0
720575940604783136,720575940618129573,11.0
720575940604783136,720575940618342966,30.0
720575940604783136,720575940620866036,9.0
720575940604783136,720575940621148660,21.0
720575940604783136,720575940624134296,5.0
720575940604783136,720575940626052647,7.0
720575940604783136,720575940627015196,44.0
720575940604783136,720575940628125339,20.0
720575940604783136,720575940632043576,35.0
720575940604783136,720575940634453093,5.0
720575940605095346,720575940602380768,6.0
720575940605095346,720575940603636913,8.0
720575940605095346,720575940604783136,13.0
720575940605095346,720575940605214636,11.0
720575940605095346,720575940606111433,9.0
720575940605095346,720575940607775106,10.0
720575940605095346,720575940609073347,5.0
720575940605095346,720575940609825033,5.0
720575940605095346,720575940610332024,8.0
720575940605095346,720575940610348773,8.0
720575940605095346,720575940610605747,7.0
720575940605095346,720575940612054425,18.0
720575940605095346,720575940613099493,5.0
720575940605095346,720575940613183717,21.0
720575940605095346,720575940613707431,6.0
720575940605095346,720575940614026390,18.0
720575940605095346,720575940615541810,5.0
720575940605095346,720575940615790658,7.0
720575940605095346,720575940615930299,6.0
720575940605095346,720575940616538944,5.0
720575940605095346,720575940616611001,7.0
720575940605095346,720575940617044948,6.0
720575940605095346,720575940617371732,11.0
720575940605095346,720575940617492821,5.0
720575940605095346,720575940618129573,12.0
720575940605095346,720575940618263174,5.0
720575940605095346,720575940618342966,10.0
720575940605095346,720575940619188577,5.0
720575940605095346,720575940619329957,9.0
720575940605095346,720575940619569835,6.0
720575940605095346,720575940619729286,5.0
720575940605095346,720575940620183973,15.0
720575940605095346,720575940620304110,12.0
720575940605095346,720575940620622452,14.0
720575940605095346,720575940620786431,12.0
720575940605095346,720575940620835327,6.0
720575940605095346,720575940620866036,25.0
720575940605095346,720575940621148660,7.0
720575940605095346,720575940621242025,12.0
720575940605095346,720575940621457079,6.0
720575940605095346,720575940621555603,17.0
720575940605095346,720575940621849015,5.0
720575940605095346,720575940622188568,12.0
720575940605095346,720575940622208695,7.0
720575940605095346,720575940622401462,7.0
720575940605095346,720575940622510788,6.0
720575940605095346,720575940622657684,7.0
720575940605095346,720575940623090446,11.0
720575940605095346,720575940623362698,5.0
720575940605095346,720575940623484100,5.0
720575940605095346,720575940623688119,5.0
720575940605095346,720575940624126537,6.0
720575940605095346,720575940624134296,32.0
720575940605095346,720575940624227661,6.0
720575940605095346,720575940624504212,13.0
720575940605095346,720575940624897516,20.0
720575940605095346,720575940625766960,7.0
720575940605095346,720575940625780836,8.0
720575940605095346,720575940625809539,14.0
720575940605095346,720575940625887631,11.0
720575940605095346,720575940626052647,14.0
720575940605095346,720575940626243614,6.0
720575940605095346,720575940626246525,15.0
720575940605095346,720575940626381882,21.0
720575940605095346,720575940626592387,22.0
720575940605095346,720575940627015196,31.0
720575940605095346,720575940627096957,43.0
720575940605095346,720575940627218882,44.0
720575940605095346,720575940627469394,7.0
720575940605095346,720575940627490459,6.0
720575940605095346,720575940627585874,21.0
720575940605095346,720575940627646026,6.0
720575940605095346,720575940627939177,7.0
720575940605095346,720575940627962844,11.0
720575940605095346,720575940628014391,14.0
720575940605095346,720575940628033944,6.0
720575940605095346,720575940628125339,13.0
720575940605095346,720575940628125775,5.0
720575940605095346,720575940628200551,25.0
720575940605095346,720575940628370732,7.0
720575940605095346,720575940628404227,9.0
720575940605095346,720575940629584887,23.0
720575940605095346,720575940629701737,23.0
720575940605095346,720575940630160384,15.0
720575940605095346,720575940630258003,5.0
720575940605095346,720575940630749523,9.0
720575940605095346,720575940630907434,6.0
720575940605095346,720575940630934595,8.0
720575940605095346,720575940631328738,5.0
720575940605095346,720575940631447879,7.0
720575940605095346,720575940631469610,9.0
720575940605095346,720575940632043320,7.0
720575940605095346,720575940632043576,29.0
720575940605095346,720575940632509711,16.0
720575940605095346,720575940632580503,9.0
720575940605095346,720575940632998136,10.0
720575940605095346,720575940633401199,17.0
720575940605095346,720575940633483444,9.0
720575940605095346,720575940633714402,5.0
720575940605095346,720575940634453093,8.0
720575940605095346,720575940635330204,13.0
720575940605095346,720575940635749751,16.0
720575940605095346,720575940635831438,8.0
720575940605095346,720575940635863214,26.0
720575940605095346,720575940636030185,22.0
720575940605095346,720575940636871246,5.0
720575940605095346,720575940637299172,15.0
720575940605095346,720575940637471039,9.0
720575940605095346,720575940637755507,8.0
720575940605095346,720575940640597237,7.0
720575940605095346,720575940640616253,6.0
720575940605095346,720575940640945115,14.0
720575940605095346,720575940641629344,9.0
720575940605095346,720575940645497140,8.0
720575940605095346,720575940647029044,11.0
720575940605095346,720575940649809273,5.0
720575940605095346,720575940651593974,14.0
720575940605095346,720575940654490785,5.0
720575940605095346,720575940660314241,24.0
720575940605214636,720575940602380768,24.0
720575940605214636,720575940602879404,15.0
720575940605214636,720575940603533246,27.0
720575940605214636,720575940605676210,9.0
720575940605214636,720575940609260494,5.0
720575940605214636,720575940609387100,11.0
720575940605214636,720575940609522382,12.0
720575940605214636,720575940609633230,5.0
720575940605214636,720575940609673369,6.0
720575940605214636,720575940610088883,9.0
720575940605214636,720575940610332024,8.0
720575940605214636,720575940610669042,14.0
720575940605214636,720575940611644529,6.0
720575940605214636,720575940611864243,12.0
720575940605214636,720575940612054425,12.0
720575940605214636,720575940619130096,6.0
720575940605214636,720575940620183973,5.0
720575940605214636,720575940620304110,9.0
720575940605214636,720575940620866036,20.0
720575940605214636,720575940620928647,5.0
720575940605214636,720575940622657684,39.0
720575940605214636,720575940624134296,21.0
720575940605214636,720575940624504212,6.0
720575940605214636,720575940625146122,34.0
720575940605214636,720575940625345328,75.0
720575940605214636,720575940626243614,6.0
720575940605214636,720575940626381882,13.0
720575940605214636,720575940627015196,31.0
720575940605214636,720575940627218882,20.0
720575940605214636,720575940627490459,5.0
720575940605214636,720575940627646026,12.0
720575940605214636,720575940627939177,11.0
720575940605214636,720575940628125339,23.0
720575940605214636,720575940628404227,8.0
720575940605214636,720575940631328738,21.0
720575940605214636,720575940632043576,27.0
720575940605214636,720575940633401199,8.0
720575940605214636,720575940633483444,19.0
720575940605214636,720575940634453093,15.0
720575940605214636,720575940635749751,22.0
720575940605214636,720575940636030185,13.0
720575940605214636,720575940651593974,9.0
720575940605214636,720575940660314241,7.0
720575940605676210,720575940617044948,9.0
720575940605676210,720575940619729286,8.0
720575940605676210,720575940622657684,9.0
720575940605758142,720575940609282825,163.0
720575940605758142,720575940614956072,43.0
720575940605758142,720575940616486230,119.0
720575940605758142,720575940621551854,22.0
720575940605758142,720575940623650823,23.0
720575940605758142,720575940624330281,58.0
720575940605758142,720575940633294796,38.0
720575940605758142,720575940634545890,146.0
720575940605758142,720575940640803200,9.0
720575940605758142,720575940646576436,65.0
720575940605781932,720575940628065352,5.0
720575940606224318,720575940615948610,12.0
720575940606224318,720575940623426854,5.0
720575940606224318,720575940624816115,6.0
720575940606224318,720575940647755641,41.0
720575940607749077,720575940620943969,7.0
720575940607749077,720575940623203805,67.0
720575940607749077,720575940631842360,46.0
720575940607775106,720575940618342966,6.0
720575940608336514,720575940607749077,6.0
720575940608336514,720575940613087218,91.0
720575940608336514,720575940613183717,7.0
720575940608336514,720575940615723314,13.0
720575940608336514,720575940618089851,5.0
720575940608336514,720575940618969758,5.0
720575940608336514,720575940623579063,23.0
720575940608336514,720575940623764967,10.0
720575940608336514,720575940625779642,33.0
720575940608336514,720575940626295562,6.0
720575940608336514,720575940627290108,5.0
720575940608336514,720575940628200551,11.0
720575940608336514,720575940630311383,5.0
720575940608336514,720575940635967886,20.0
720575940608336514,720575940637569870,11.0
720575940608336514,720575940637755507,5.0
720575940608336514,720575940640945115,5.0
720575940608431625,720575940614710509,48.0
720575940608431625,720575940615528678,10.0
720575940608431625,720575940617492821,6.0
720575940608431625,720575940618932763,7.0
720575940608431625,720575940621000831,9.0
720575940608431625,720575940626243614,12.0
720575940608431625,720575940626977947,7.0
720575940608431625,720575940627083397,41.0
720575940608431625,720575940628200551,38.0
720575940608431625,720575940630311383,31.0
720575940608431625,720575940631842360,13.0
720575940608431625,720575940635967886,6.0
720575940608615363,720575940634710629,5.0
720575940608716809,720575940613527761,10.0
720575940608716809,720575940613838289,12.0
720575940608716809,720575940618574749,30.0
720575940608716809,720575940624986407,5.0
720575940608716809,720575940627096957,6.0
720575940608716809,720575940628125715,5.0
720575940608716809,720575940629701737,8.0
720575940608716809,720575940633293025,12.0
720575940608716809,720575940638803790,21.0
720575940609073347,720575940615930299,17.0
720575940609073347,720575940618089851,5.0
720575940609073347,720575940619109915,5.0
720575940609073347,720575940620835327,6.0
720575940609073347,720575940621457079,11.0
720575940609073347,720575940625887631,11.0
720575940609073347,720575940628404227,5.0
720575940609073347,720575940628802888,15.0
720575940609073347,720575940630086698,32.0
720575940609073347,720575940630095045,5.0
720575940609073347,720575940632472850,7.0
720575940609073347,720575940633350812,7.0
720575940609073347,720575940636871246,9.0
720575940609073347,720575940641629344,5.0
720575940609190866,720575940613583001,21.0
720575940609282825,720575940605758142,668.0
720575940609282825,720575940614956072,56.0
720575940609282825,720575940616486230,145.0
720575940609282825,720575940621551854,34.0
720575940609282825,720575940623650823,16.0
720575940609282825,720575940624330281,14.0
720575940609282825,720575940627349860,42.0
720575940609282825,720575940633294796,295.0
720575940609282825,720575940634545890,35.0
720575940609282825,720575940640803200,729.0
720575940609282825,720575940646576436,462.0
720575940609387100,720575940619109915,32.0
720575940609387100,720575940626295562,25.0
720575940609387100,720575940627290108,8.0
720575940609387100,720575940629192975,5.0
720575940609387100,720575940637218672,19.0
720575940609522382,720575940616538944,5.0
720575940609522382,720575940620866036,10.0
720575940609522382,720575940624134296,16.0
720575940609522382,720575940627218882,13.0
720575940609522382,720575940627490459,6.0
720575940609673369,720575940603533246,20.0
720575940609673369,720575940610505006,9.0
720575940609673369,720575940611644529,22.0
720575940609673369,720575940612054425,7.0
720575940609673369,720575940617492821,12.0
720575940609673369,720575940618263174,9.0
720575940609673369,720575940618932763,9.0
720575940609673369,720575940620835327,7.0
720575940609673369,720575940620866036,14.0
720575940609673369,720575940622657684,6.0
720575940609673369,720575940624504212,22.0
720575940609673369,720575940625345328,27.0
720575940609673369,720575940626243614,7.0
720575940609673369,720575940627015196,21.0
720575940609673369,720575940627111752,9.0
720575940609673369,720575940628125339,12.0
720575940609673369,720575940630086698,6.0
720575940609673369,720575940631328738,26.0
720575940609673369,720575940631842360,6.0
720575940609673369,720575940632043576,22.0
720575940609673369,720575940635749751,11.0
720575940609673369,720575940654490785,7.0
720575940609891886,720575940616486230,9.0
720575940609891886,720575940617470932,15.0
720575940609891886,720575940621551854,7.0
720575940609891886,720575940622574532,14.0
720575940609957315,720575940608716809,23.0
720575940609957315,720575940613527761,39.0
720575940609957315,720575940613838289,56.0
720575940609957315,720575940618574749,71.0
720575940609957315,720575940621902085,6.0
720575940609957315,720575940625454162,10.0
720575940609957315,720575940625809539,19.0
720575940609957315,720575940627469394,21.0
720575940609957315,720575940628125715,5.0
720575940609957315,720575940630164992,6.0
720575940609957315,720575940630907434,34.0
720575940609957315,720575940632985261,22.0
720575940609957315,720575940633228172,43.0
720575940609957315,720575940633293025,6.0
720575940609957315,720575940637218672,15.0
720575940609957315,720575940638803790,53.0
720575940609957315,720575940644467360,17.0
720575940610048981,720575940627480586,9.0
720575940610048981,720575940635468991,13.0
720575940610088883,720575940605214636,8.0
720575940610088883,720575940609073347,19.0
720575940610088883,720575940611864243,18.0
720575940610088883,720575940612054425,5.0
720575940610088883,720575940615528678,5.0
720575940610088883,720575940618342966,21.0
720575940610088883,720575940620183973,12.0
720575940610088883,720575940620622452,27.0
720575940610088883,720575940621148660,23.0
720575940610088883,720575940621555603,6.0
720575940610088883,720575940625345328,18.0
720575940610088883,720575940626243614,6.0
720575940610088883,720575940626592387,7.0
720575940610088883,720575940628404227,8.0
720575940610088883,720575940628802888,5.0
720575940610088883,720575940632985261,15.0
720575940610088883,720575940649809273,10.0
720575940610332024,720575940605095346,6.0
720575940610332024,720575940617044948,11.0
720575940610332024,720575940617492821,9.0
720575940610332024,720575940625345328,12.0
720575940610332024,720575940627015196,6.0
720575940610332024,720575940628200551,6.0
720575940610332024,720575940635831438,8.0
720575940610348773,720575940640945115,6.0
720575940610450418,720575940619191966,7.0
720575940610505006,720575940611644529,17.0
720575940610505006,720575940619191966,20.0
720575940610605747,720575940603533246,6.0
720575940610605747,720575940605214636,18.0
720575940610605747,720575940618342966,12.0
720575940610605747,720575940620537153,13.0
720575940610605747,720575940620835327,17.0
720575940610605747,720575940624504212,18.0
720575940610605747,720575940625345328,16.0
720575940610605747,720575940628033944,14.0
720575940610669042,720575940605214636,5.0
720575940610669042,720575940611644529,6.0
720575940610669042,720575940618574749,11.0
720575940610669042,720575940622917381,5.0
720575940610669042,720575940627015196,5.0
720575940610669042,720575940627096957,69.0
720575940610669042,720575940629701737,51.0
720575940610669042,720575940632043576,8.0
720575940610669042,720575940634453093,6.0
720575940610669042,720575940637471039,5.0
720575940610677828,720575940609260494,41.0
720575940610677828,720575940610679876,161.0
720575940610677828,720575940612036837,7.0
720575940610677828,720575940624966840,41.0
720575940610677828,720575940630580854,74.0
720575940610677828,720575940631959097,44.0
720575940610677828,720575940632936332,7.0
720575940610677828,720575940642449909,19.0
720575940610677828,720575940644726432,103.0
720575940610677828,720575940647029044,6.0
720575940610698052,720575940624377323,11.0
720575940611343054,720575940613583001,26.0
720575940611503509,720575940630859791,5.0
720575940611503509,720575940631710604,9.0
720575940611644529,720575940610505006,12.0
720575940611644529,720575940619191966,9.0
720575940611644529,720575940627015196,13.0
720575940611644529,720575940631842360,5.0
720575940611644529,720575940632043576,11.0
720575940611756723,720575940610698052,6.0
720575940611756723,720575940611531986,5.0
720575940611756723,720575940616127931,6.0
720575940611756723,720575940616353675,11.0
720575940611756723,720575940618259269,5.0
720575940611756723,720575940620017261,6.0
720575940611756723,720575940621662332,5.0
720575940611756723,720575940621827419,6.0
720575940611756723,720575940622478349,19.0
720575940611756723,720575940624377323,36.0
720575940611756723,720575940624789652,5.0
720575940611756723,720575940625408333,9.0
720575940611756723,720575940628345610,5.0
720575940611756723,720575940628478449,9.0
720575940611756723,720575940629837563,30.0
720575940611756723,720575940629861163,5.0
720575940611756723,720575940632295751,17.0
720575940611756723,720575940633316307,12.0
720575940611756723,720575940636552805,21.0
720575940611756723,720575940640469848,18.0
720575940611772083,720575940614730914,6.0
720575940611772083,720575940640978048,34.0
720575940611772083,720575940647228468,37.0
720575940611864243,720575940605676210,21.0
720575940611864243,720575940608336514,7.0
720575940611864243,720575940609073347,12.0
720575940611864243,720575940610088883,150.0
720575940611864243,720575940610332024,15.0
720575940611864243,720575940610505006,16.0
720575940611864243,720575940611644529,64.0
720575940611864243,720575940612054425,14.0
720575940611864243,720575940615930299,49.0
720575940611864243,720575940618089851,23.0
720575940611864243,720575940619130096,6.0
720575940611864243,720575940620183973,42.0
720575940611864243,720575940620622452,15.0
720575940611864243,720575940623688119,15.0
720575940611864243,720575940625345328,5.0
720575940611864243,720575940626243614,28.0
720575940611864243,720575940627015196,21.0
720575940611864243,720575940628125339,14.0
720575940611864243,720575940628404227,55.0
720575940611864243,720575940630086698,15.0
720575940611864243,720575940631328738,110.0
720575940611864243,720575940632043576,15.0
720575940611864243,720575940635749751,5.0
720575940611864243,720575940641629344,9.0
720575940611864243,720575940649809273,9.0
720575940611864243,720575940654490785,183.0
720575940612036837,720575940614730914,6.0
720575940612036837,720575940617530525,8.0
720575940612036837,720575940620300308,8.0
720575940612036837,720575940622616333,5.0
720575940612036837,720575940626993694,8.0
720575940612054425,720575940605676210,19.0
720575940612054425,720575940606111433,7.0
720575940612054425,720575940610332024,37.0
720575940612054425,720575940611644529,6.0
720575940612054425,720575940613099493,9.0
720575940612054425,720575940613183717,23.0
720575940612054425,720575940614710509,5.0
720575940612054425,720575940615930299,5.0
720575940612054425,720575940617044948,10.0
720575940612054425,720575940618089851,9.0
720575940612054425,720575940619130096,19.0
720575940612054425,720575940620183973,96.0
720575940612054425,720575940620304110,5.0
720575940612054425,720575940620622452,11.0
720575940612054425,720575940620835327,7.0
720575940612054425,720575940621457079,63.0
720575940612054425,720575940621555603,6.0
720575940612054425,720575940622208695,13.0
720575940612054425,720575940622657684,22.0
720575940612054425,720575940626243614,30.0
720575940612054425,720575940628370732,51.0
720575940612054425,720575940628404227,40.0
720575940612054425,720575940630907434,16.0
720575940612054425,720575940633714402,7.0
720575940612054425,720575940635831438,35.0
720575940612054425,720575940635863214,23.0
720575940612054425,720575940640945115,15.0
720575940612202419,720575940623203805,5.0
720575940612619431,720575940659760769,7.0
720575940612843634,720575940627372290,17.0
720575940612843634,720575940636879215,9.0
720575940613074394,720575940627372290,6.0
720575940613087218,720575940614518690,9.0
720575940613087218,720575940623579063,79.0
720575940613087218,720575940626977947,8.0
720575940613087218,720575940627083397,34.0
720575940613099493,720575940610505006,7.0
720575940613099493,720575940613183717,12.0
720575940613099493,720575940621457079,46.0
720575940613099493,720575940621849015,7.0
720575940613099493,720575940627349860,13.0
720575940613099493,720575940628370732,36.0
720575940613099493,720575940630258003,5.0
720575940613099493,720575940635831438,49.0
720575940613099493,720575940635863214,6.0
720575940613099493,720575940640945115,5.0
720575940613183717,720575940613099493,6.0
720575940613183717,720575940621457079,48.0
720575940613183717,720575940627349860,31.0
720575940613183717,720575940628370732,45.0
720575940613183717,720575940635831438,47.0
720575940613183717,720575940640945115,8.0
720575940613527761,720575940618574749,50.0
720575940613527761,720575940621065301,52.0
720575940613527761,720575940621875821,11.0
720575940613527761,720575940624537284,5.0
720575940613527761,720575940626993694,9.0
720575940613527761,720575940629239934,32.0
720575940613527761,720575940629428215,92.0
720575940613527761,720575940631959097,5.0
720575940613527761,720575940633293025,12.0
720575940613527761,720575940637612974,7.0
720575940613527761,720575940638803790,13.0
720575940613583001,720575940609190866,18.0
720575940613583001,720575940609891886,17.0
720575940613583001,720575940611343054,17.0
720575940613583001,720575940616566133,19.0
720575940613583001,720575940617321243,12.0
720575940613583001,720575940617917760,13.0
720575940613583001,720575940618198721,17.0
720575940613583001,720575940619090785,27.0
720575940613583001,720575940620124028,15.0
720575940613583001,720575940621071203,14.0
720575940613583001,720575940621504269,17.0
720575940613583001,720575940621864965,15.0
720575940613583001,720575940622574532,10.0
720575940613583001,720575940622890509,10.0
720575940613583001,720575940624527091,15.0
720575940613583001,720575940625292606,11.0
720575940613583001,720575940625377688,15.0
720575940613583001,720575940627782148,16.0
720575940613583001,720575940630452388,18.0
720575940613583001,720575940633560545,9.0
720575940613583001,720575940634464869,17.0
720575940613583001,720575940635468991,6.0
720575940613583001,720575940636364133,26.0
720575940613583001,720575940636605530,16.0
720575940613583001,720575940637949161,20.0
720575940613583001,720575940644607854,15.0
720575940613707431,720575940613183717,5.0
720575940613707431,720575940618932763,5.0
720575940613838289,720575940619569835,6.0
720575940613838289,720575940621875821,12.0
720575940613838289,720575940623362698,7.0
720575940613838289,720575940626592387,6.0
720575940613838289,720575940629701737,14.0
720575940613838289,720575940630246364,42.0
720575940614026390,720575940602879404,10.0
720575940614026390,720575940603533246,12.0
720575940614026390,720575940618342966,9.0
720575940614026390,720575940621148660,16.0
720575940614026390,720575940625345328,14.0
720575940614043699,720575940619173592,13.0
720575940614043699,720575940630255813,12.0
720575940614043699,720575940630909970,8.0
720575940614047026,720575940630084352,14.0
720575940614047026,720575940632692051,7.0
720575940614518690,720575940610505006,40.0
720575940614518690,720575940611644529,12.0
720575940614518690,720575940618932763,6.0
720575940614662517,720575940619420838,5.0
720575940614662517,720575940624472334,5.0
720575940614662517,720575940637326967,6.0
720575940614730914,720575940611772083,5.0
720575940614730914,720575940620300308,10.0
720575940614730914,720575940620714150,21.0
720575940614730914,720575940621065301,42.0
720575940614730914,720575940622027222,15.0
720575940614730914,720575940624897516,11.0
720575940614730914,720575940624986919,37.0
720575940614730914,720575940625561406,37.0
720575940614730914,720575940626993694,6.0
720575940614730914,720575940629239934,6.0
720575940614730914,720575940630291767,14.0
720575940614730914,720575940632722771,5.0
720575940614730914,720575940640978048,11.0
720575940614730914,720575940641585627,5.0
720575940614730914,720575940642449909,13.0
720575940614730914,720575940644758308,21.0
720575940614730914,720575940647029044,7.0
720575940614730914,720575940647228468,13.0
720575940614730914,720575940659860609,6.0
720575940614956072,720575940605758142,11.0
720575940614956072,720575940609282825,10.0
720575940614956072,720575940609891886,16.0
720575940614956072,720575940615255993,26.0
720575940614956072,720575940616566133,33.0
720575940614956072,720575940617917760,51.0
720575940614956072,720575940621551854,54.0
720575940614956072,720575940622574532,8.0
720575940614956072,720575940624330281,9.0
720575940614956072,720575940627349860,28.0
720575940614956072,720575940628882450,30.0
720575940614956072,720575940633294796,171.0
720575940614956072,720575940634545890,18.0
720575940614956072,720575940634710629,53.0
720575940614956072,720575940635604581,38.0
720575940614956072,720575940640803200,9.0
720575940614956072,720575940646576436,197.0
720575940615000426,720575940614662517,8.0
720575940615000426,720575940616891958,10.0
720575940615000426,720575940627384049,10.0
720575940615219417,720575940619315888,5.0
720575940615219417,720575940628129129,5.0
720575940615219417,720575940637308605,12.0
720575940615219417,720575940647755641,9.0
720575940615255993,720575940614047026,7.0
720575940615255993,720575940619173592,12.0
720575940615255993,720575940621822043,5.0
720575940615255993,720575940624977930,7.0
720575940615255993,720575940625898121,14.0
720575940615255993,720575940626482521,6.0
720575940615255993,720575940627349860,7.0
720575940615255993,720575940628882450,5.0
720575940615255993,720575940630037036,6.0
720575940615255993,720575940630859791,26.0
720575940615255993,720575940637326967,6.0
720575940615385798,720575940620858606,8.0
720575940615385798,720575940623051544,8.0
720575940615437983,720575940619173592,5.0
720575940615537041,720575940605095346,6.0
720575940615537041,720575940605214636,12.0
720575940615537041,720575940607749077,10.0
720575940615537041,720575940608336514,12.0
720575940615537041,720575940608431625,6.0
720575940615537041,720575940610450418,8.0
720575940615537041,720575940610505006,19.0
720575940615537041,720575940611644529,9.0
720575940615537041,720575940613087218,5.0
720575940615537041,720575940614518690,6.0
720575940615537041,720575940614710509,23.0
720575940615537041,720575940615528678,6.0
720575940615537041,720575940615723314,62.0
720575940615537041,720575940616019899,5.0
720575940615537041,720575940616101789,20.0
720575940615537041,720575940618089851,6.0
720575940615537041,720575940618932763,7.0
720575940615537041,720575940618969758,12.0
720575940615537041,720575940619109915,5.0
720575940615537041,720575940619130096,10.0
720575940615537041,720575940619191966,8.0
720575940615537041,720575940620537153,17.0
720575940615537041,720575940620928647,13.0
720575940615537041,720575940620943969,6.0
720575940615537041,720575940621000831,22.0
720575940615537041,720575940621277790,9.0
720575940615537041,720575940622917381,12.0
720575940615537041,720575940623203805,48.0
720575940615537041,720575940623579063,7.0
720575940615537041,720575940623764967,13.0
720575940615537041,720575940624140424,12.0
720575940615537041,720575940624336647,15.0
720575940615537041,720575940624472334,7.0
720575940615537041,720575940624574100,11.0
720575940615537041,720575940625226506,5.0
720575940615537041,720575940625345328,6.0
720575940615537041,720575940625779642,12.0
720575940615537041,720575940626002575,7.0
720575940615537041,720575940626295562,5.0
720575940615537041,720575940626887080,7.0
720575940615537041,720575940626977947,11.0
720575940615537041,720575940627015196,15.0
720575940615537041,720575940627083397,7.0
720575940615537041,720575940627111752,16.0
720575940615537041,720575940627174404,17.0
720575940615537041,720575940627290108,7.0
720575940615537041,720575940627848196,15.0
720575940615537041,720575940628802888,7.0
720575940615537041,720575940629192975,31.0
720575940615537041,720575940629701737,7.0
720575940615537041,720575940630086698,6.0
720575940615537041,720575940630095045,12.0
720575940615537041,720575940630246364,9.0
720575940615537041,720575940630311383,10.0
720575940615537041,720575940631842360,37.0
720575940615537041,720575940632043576,17.0
720575940615537041,720575940632381536,10.0
720575940615537041,720575940632472850,19.0
720575940615537041,720575940632678099,6.0
720575940615537041,720575940632985261,14.0
720575940615537041,720575940633350812,12.0
720575940615537041,720575940634704491,8.0
720575940615537041,720575940634751918,39.0
720575940615537041,720575940635926335,13.0
720575940615537041,720575940635967886,67.0
720575940615537041,720575940636593550,5.0
720575940615537041,720575940637569870,5.0
720575940615541810,720575940609673369,5.0
720575940615541810,720575940618129573,6.0
720575940615541810,720575940618342966,8.0
720575940615541810,720575940620304110,11.0
720575940615541810,720575940620866036,6.0
720575940615541810,720575940621148660,6.0
720575940615541810,720575940621242025,22.0
720575940615541810,720575940622401462,5.0
720575940615541810,720575940622657684,9.0
720575940615541810,720575940623090446,5.0
720575940615541810,720575940624134296,16.0
720575940615541810,720575940624504212,11.0
720575940615541810,720575940625780836,6.0
720575940615541810,720575940626052647,7.0
720575940615541810,720575940627218882,15.0
720575940615541810,720575940628125339,7.0
720575940615541810,720575940629584887,6.0
720575940615541810,720575940634453093,16.0
720575940615541810,720575940635330204,10.0
720575940615541810,720575940651593974,10.0
720575940615541810,720575940660314241,10.0
720575940615671106,720575940606633248,24.0
720575940615671106,720575940624484796,102.0
720575940615671106,720575940625641402,27.0
720575940615671106,720575940626993694,71.0
720575940615671106,720575940628129129,20.0
720575940615671106,720575940629239934,39.0
720575940615671106,720575940631959097,22.0
720575940615671106,720575940633316563,7.0
720575940615671106,720575940640589171,63.0
720575940615671106,720575940641480949,7.0
720575940615671106,720575940641585627,8.0
720575940615671106,720575940642449909,12.0
720575940615671106,720575940645047831,14.0
720575940615671106,720575940645352814,10.0
720575940615671106,720575940659860609,8.0
720575940615684582,720575940614815199,14.0
720575940615684582,720575940630937660,7.0
720575940615684582,720575940632317997,14.0
720575940615723314,720575940608336514,44.0
720575940615723314,720575940610505006,43.0
720575940615723314,720575940611644529,243.0
720575940615723314,720575940614518690,6.0
720575940615723314,720575940614710509,109.0
720575940615723314,720575940615528678,5.0
720575940615723314,720575940616019899,5.0
720575940615723314,720575940618089851,19.0
720575940615723314,720575940618932763,187.0
720575940615723314,720575940621000831,16.0
720575940615723314,720575940623579063,36.0
720575940615723314,720575940626243614,37.0
720575940615723314,720575940626977947,62.0
720575940615723314,720575940627015196,7.0
720575940615723314,720575940627083397,102.0
720575940615723314,720575940627111752,72.0
720575940615723314,720575940629192975,6.0
720575940615723314,720575940630086698,115.0
720575940615723314,720575940630311383,5.0
720575940615723314,720575940631842360,5.0
720575940615723314,720575940632472850,16.0
720575940615723314,720575940633350812,50.0
720575940615723314,720575940634751918,23.0
720575940615723314,720575940635967886,7.0
720575940615790658,720575940618932763,11.0
720575940615790658,720575940623412360,7.0
720575940615790658,720575940624126537,7.0
720575940615790658,720575940624336647,8.0
720575940615930299,720575940603636913,11.0
720575940615930299,720575940605095346,7.0
720575940615930299,720575940605214636,19.0
720575940615930299,720575940609073347,41.0
720575940615930299,720575940610088883,5.0
720575940615930299,720575940611644529,9.0
720575940615930299,720575940611864243,20.0
720575940615930299,720575940618089851,14.0
720575940615930299,720575940618342966,9.0
720575940615930299,720575940620622452,8.0
720575940615930299,720575940620835327,26.0
720575940615930299,720575940621148660,6.0
720575940615930299,720575940624336647,6.0
720575940615930299,720575940625887631,25.0
720575940615930299,720575940628404227,7.0
720575940615930299,720575940630086698,28.0
720575940615930299,720575940631328738,6.0
720575940615930299,720575940641629344,21.0
720575940615930299,720575940654490785,17.0
720575940615948610,720575940614730914,73.0
720575940615948610,720575940624323110,22.0
720575940615948610,720575940625561406,12.0
720575940615948610,720575940642449909,5.0
720575940616019899,720575940611644529,8.0
720575940616019899,720575940623579063,18.0
720575940616019899,720575940625779642,12.0
720575940616019899,720575940634704491,7.0
720575940616169578,720575940610048981,16.0
720575940616169578,720575940622360358,5.0
720575940616169578,720575940627480586,11.0
720575940616169578,720575940639680957,8.0
720575940616169578,720575940640398477,9.0
720575940616486230,720575940605758142,10.0
720575940616486230,720575940609282825,140.0
720575940616486230,720575940609891886,6.0
720575940616486230,720575940621551854,6.0
720575940616486230,720575940622574532,7.0
720575940616486230,720575940623650823,5.0
720575940616486230,720575940624330281,75.0
720575940616486230,720575940633294796,16.0
720575940616486230,720575940634545890,131.0
720575940616486230,720575940634710629,7.0
720575940616486230,720575940635604581,5.0
720575940616486230,720575940640803200,10.0
720575940616538944,720575940604783136,5.0
720575940616538944,720575940605214636,14.0
720575940616538944,720575940618129573,23.0
720575940616538944,720575940623362698,6.0
720575940616538944,720575940625345328,22.0
720575940616538944,720575940626052647,10.0
720575940616538944,720575940627962844,17.0
720575940616538944,720575940637471039,6.0
720575940616538944,720575940640597237,13.0
720575940616566133,720575940605758142,5.0
720575940616566133,720575940609190866,6.0
720575940616566133,720575940613583001,13.0
720575940616566133,720575940614956072,23.0
720575940616566133,720575940617917760,5.0
720575940616566133,720575940621504269,10.0
720575940616566133,720575940646576436,9.0
720575940616647029,720575940617560838,5.0
720575940616891958,720575940628934403,10.0
720575940616891958,720575940640935387,7.0
720575940616993478,720575940616647029,7.0
720575940616993478,720575940617560838,5.0
720575940617044948,720575940608336514,13.0
720575940617044948,720575940610505006,23.0
720575940617044948,720575940611644529,9.0
720575940617044948,720575940614710509,27.0
720575940617044948,720575940623579063,5.0
720575940617258821,720575940610048981,13.0
720575940617258821,720575940616566133,7.0
720575940617258821,720575940617917760,7.0
720575940617258821,720575940627480586,20.0
720575940617321243,720575940613583001,27.0
720575940617371732,720575940604783136,14.0
720575940617371732,720575940605214636,28.0
720575940617371732,720575940616538944,5.0
720575940617371732,720575940617044948,6.0
720575940617371732,720575940618129573,32.0
720575940617371732,720575940620835327,18.0
720575940617371732,720575940623362698,6.0
720575940617371732,720575940625345328,29.0
720575940617371732,720575940626052647,14.0
720575940617371732,720575940627962844,10.0
720575940617371732,720575940632985261,20.0
720575940617371732,720575940637299172,5.0
720575940617371732,720575940637471039,9.0
720575940617371732,720575940640597237,6.0
720575940617493460,720575940637966682,5.0
720575940617530525,720575940620300308,8.0
720575940617530525,720575940622616333,5.0
720575940617530525,720575940626993694,8.0
720575940617530525,720575940628891396,12.0
720575940617530525,720575940629239934,10.0
720575940617530525,720575940630334658,10.0
720575940617530525,720575940631705130,7.0
720575940617568697,720575940610679876,8.0
720575940617568697,720575940616353675,7.0
720575940617568697,720575940624484796,18.0
720575940617568697,720575940624966840,9.0
720575940617568697,720575940625737776,41.0
720575940617568697,720575940628998659,38.0
720575940617570008,720575940627384049,7.0
720575940617571997,720575940616891958,7.0
720575940617571997,720575940623203805,26.0
720575940617571997,720575940631842360,23.0
720575940617917760,720575940605758142,9.0
720575940617917760,720575940613583001,20.0
720575940617917760,720575940614956072,29.0
720575940617917760,720575940615437983,5.0
720575940617917760,720575940621504269,10.0
720575940617917760,720575940625377688,7.0
720575940617917760,720575940646576436,19.0
720575940618089851,720575940608336514,17.0
720575940618089851,720575940610505006,48.0
720575940618089851,720575940611644529,51.0
720575940618089851,720575940613087218,16.0
720575940618089851,720575940614710509,27.0
720575940618089851,720575940615723314,50.0
720575940618089851,720575940623579063,9.0
720575940618089851,720575940626243614,38.0
720575940618089851,720575940626977947,6.0
720575940618089851,720575940627083397,7.0
720575940618089851,720575940627111752,44.0
720575940618089851,720575940630086698,23.0
720575940618089851,720575940630095045,5.0
720575940618089851,720575940630311383,14.0
720575940618089851,720575940631842360,7.0
720575940618089851,720575940633350812,40.0
720575940618089851,720575940634751918,6.0
720575940618089851,720575940635967886,8.0
720575940618129573,720575940605676210,6.0
720575940618129573,720575940620835327,6.0
720575940618129573,720575940623688119,7.0
720575940618129573,720575940626052647,5.0
720575940618129573,720575940628370732,11.0
720575940618129573,720575940628802888,6.0
720575940618129573,720575940630086698,19.0
720575940618129573,720575940632998136,5.0
720575940618129573,720575940635831438,11.0
720575940618198721,720575940613583001,12.0
720575940618259269,720575940623203805,5.0
720575940618259269,720575940624377323,77.0
720575940618259269,720575940628478449,11.0
720575940618259269,720575940629837563,8.0
720575940618263174,720575940609673369,27.0
720575940618263174,720575940625345328,20.0
720575940618342966,720575940602380768,7.0
720575940618342966,720575940602879404,14.0
720575940618342966,720575940605095346,5.0
720575940618342966,720575940609073347,12.0
720575940618342966,720575940610088883,34.0
720575940618342966,720575940610332024,11.0
720575940618342966,720575940612054425,128.0
720575940618342966,720575940614026390,20.0
720575940618342966,720575940615930299,72.0
720575940618342966,720575940618129573,11.0
720575940618342966,720575940619188577,55.0
720575940618342966,720575940620183973,6.0
720575940618342966,720575940620304110,137.0
720575940618342966,720575940620622452,12.0
720575940618342966,720575940620866036,42.0
720575940618342966,720575940621457079,22.0
720575940618342966,720575940623688119,59.0
720575940618342966,720575940624134296,41.0
720575940618342966,720575940624227661,44.0
720575940618342966,720575940624504212,5.0
720575940618342966,720575940625780836,12.0
720575940618342966,720575940625887631,88.0
720575940618342966,720575940626052647,5.0
720575940618342966,720575940626381882,42.0
720575940618342966,720575940627015196,35.0
720575940618342966,720575940627218882,26.0
720575940618342966,720575940627646026,7.0
720575940618342966,720575940627962844,39.0
720575940618342966,720575940628033944,13.0
720575940618342966,720575940628125339,23.0
720575940618342966,720575940628125775,23.0
720575940618342966,720575940628370732,16.0
720575940618342966,720575940628404227,5.0
720575940618342966,720575940630258003,5.0
720575940618342966,720575940630749523,59.0
720575940618342966,720575940631328738,41.0
720575940618342966,720575940631469610,5.0
720575940618342966,720575940632043576,27.0
720575940618342966,720575940632998136,54.0
720575940618342966,720575940633401199,9.0
720575940618342966,720575940633483444,20.0
720575940618342966,720575940635749751,25.0
720575940618342966,720575940635831438,16.0
720575940618342966,720575940636030185,49.0
720575940618342966,720575940641629344,49.0
720575940618342966,720575940651593974,19.0
720575940618342966,720575940654490785,43.0
720575940618342966,720575940660314241,44.0
720575940618382529,720575940647755641,18.0
720575940618574749,720575940640589171,6.0
720575940618827910,720575940610076206,12.0
720575940618827910,720575940610476145,10.0
720575940618827910,720575940614815199,31.0
720575940618827910,720575940615684582,5.0
720575940618827910,720575940616450305,11.0
720575940618827910,720575940616695099,5.0
720575940618827910,720575940619984950,9.0
720575940618827910,720575940621997034,5.0
720575940618827910,720575940622257544,6.0
720575940618827910,720575940623528842,5.0
720575940618827910,720575940625440019,7.0
720575940618827910,720575940627184427,11.0
720575940618827910,720575940627236629,17.0
720575940618827910,720575940627263765,8.0
720575940618827910,720575940628862268,5.0
720575940618827910,720575940630937660,7.0
720575940618827910,720575940632317997,23.0
720575940618827910,720575940639789731,8.0
720575940618827910,720575940641263312,20.0
720575940618932763,720575940603533246,5.0
720575940618932763,720575940607775106,11.0
720575940618932763,720575940608431625,7.0
720575940618932763,720575940610505006,32.0
720575940618932763,720575940611644529,262.0
720575940618932763,720575940613087218,26.0
720575940618932763,720575940613183717,24.0
720575940618932763,720575940614026390,7.0
720575940618932763,720575940614710509,8.0
720575940618932763,720575940615723314,244.0
720575940618932763,720575940617492821,24.0
720575940618932763,720575940619130096,9.0
720575940618932763,720575940621000831,20.0
720575940618932763,720575940621277790,5.0
720575940618932763,720575940621457079,23.0
720575940618932763,720575940622917381,122.0
720575940618932763,720575940623579063,24.0
720575940618932763,720575940624504212,29.0
720575940618932763,720575940624574100,11.0
720575940618932763,720575940625809539,6.0
720575940618932763,720575940626243614,39.0
720575940618932763,720575940626381882,12.0
720575940618932763,720575940627646026,8.0
720575940618932763,720575940630086698,47.0
720575940618932763,720575940631469610,6.0
720575940618932763,720575940631842360,22.0
720575940618932763,720575940632043320,24.0
720575940618932763,720575940632472850,15.0
720575940618932763,720575940633350812,102.0
720575940618932763,720575940633483444,13.0
720575940618932763,720575940635330204,83.0
720575940618932763,720575940635967886,21.0
720575940618932763,720575940636030185,6.0
720575940618932763,720575940636871246,15.0
720575940618932763,720575940637755507,23.0
720575940618932763,720575940640945115,24.0
720575940618932763,720575940649809273,59.0
720575940618969758,720575940620943969,14.0
720575940618969758,720575940623203805,8.0
720575940618969758,720575940629192975,5.0
720575940618969758,720575940631842360,129.0
720575940618969758,720575940635967886,5.0
720575940619090785,720575940613583001,25.0
720575940619109915,720575940621277790,20.0
720575940619109915,720575940630246364,5.0
720575940619130096,720575940605095346,27.0
720575940619130096,720575940609387100,5.0
720575940619130096,720575940614710509,6.0
720575940619130096,720575940620835327,29.0
720575940619130096,720575940624336647,46.0
720575940619130096,720575940624472334,5.0
720575940619130096,720575940624504212,6.0
720575940619130096,720575940625779642,21.0
720575940619130096,720575940627848196,6.0
720575940619130096,720575940628802888,7.0
720575940619130096,720575940631842360,25.0
720575940619188577,720575940605095346,8.0
720575940619188577,720575940613707431,7.0
720575940619188577,720575940616611001,19.0
720575940619188577,720575940617044948,6.0
720575940619188577,720575940618342966,13.0
720575940619188577,720575940620786431,13.0
720575940619188577,720575940620835327,12.0
720575940619188577,720575940621148660,28.0
720575940619188577,720575940627962844,8.0
720575940619188577,720575940630258003,10.0
720575940619188577,720575940630749523,13.0
720575940619188577,720575940631842360,7.0
720575940619188577,720575940632998136,7.0
720575940619188577,720575940635330204,15.0
720575940619191966,720575940614730914,28.0
720575940619191966,720575940615671106,16.0
720575940619191966,720575940618574749,38.0
720575940619191966,720575940620300308,65.0
720575940619191966,720575940621065301,9.0
720575940619191966,720575940622473292,8.0
720575940619191966,720575940623478115,26.0
720575940619191966,720575940625641402,10.0
720575940619191966,720575940627015196,6.0
720575940619191966,720575940629123454,5.0
720575940619191966,720575940630334658,33.0
720575940619191966,720575940631959097,14.0
720575940619191966,720575940640978048,72.0
720575940619191966,720575940641480949,7.0
720575940619191966,720575940647228468,77.0
720575940619197366,720575940619173592,8.0
720575940619197366,720575940630255813,10.0
720575940619197366,720575940630909970,8.0
720575940619329957,720575940612054425,5.0
720575940619329957,720575940626592387,5.0
720575940619530187,720575940606633248,45.0
720575940619530187,720575940611531986,24.0
720575940619530187,720575940612036837,219.0
720575940619530187,720575940614730914,98.0
720575940619530187,720575940618574749,11.0
720575940619530187,720575940626952537,42.0
720575940619530187,720575940627812168,11.0
720575940619530187,720575940629428215,40.0
720575940619530187,720575940630291767,5.0
720575940619530187,720575940631705130,5.0
720575940619530187,720575940631959097,14.0
720575940619530187,720575940632722771,174.0
720575940619530187,720575940637612974,8.0
720575940619530187,720575940641480949,127.0
720575940619530187,720575940642449909,102.0
720575940619530187,720575940645047831,109.0
720575940619530187,720575940645352814,101.0
720575940619569835,720575940602879404,120.0
720575940619569835,720575940603636913,44.0
720575940619569835,720575940609073347,15.0
720575940619569835,720575940612054425,5.0
720575940619569835,720575940618089851,7.0
720575940619569835,720575940618129573,23.0
720575940619569835,720575940618932763,5.0
720575940619569835,720575940619130096,5.0
720575940619569835,720575940619188577,24.0
720575940619569835,720575940620622452,20.0
720575940619569835,720575940621555603,37.0
720575940619569835,720575940624227661,5.0
720575940619569835,720575940625146122,32.0
720575940619569835,720575940625780836,27.0
720575940619569835,720575940626052647,22.0
720575940619569835,720575940626243614,16.0
720575940619569835,720575940626381882,22.0
720575940619569835,720575940627015196,15.0
720575940619569835,720575940627962844,35.0
720575940619569835,720575940628125775,9.0
720575940619569835,720575940632043576,8.0
720575940619569835,720575940634453093,27.0
720575940619569835,720575940635749751,12.0
720575940619569835,720575940636030185,22.0
720575940619569835,720575940637299172,14.0
720575940619569835,720575940641629344,14.0
720575940619984950,720575940614815199,23.0
720575940619984950,720575940616450305,5.0
720575940619984950,720575940628132745,5.0
720575940619984950,720575940630937660,6.0
720575940619984950,720575940632317997,33.0
720575940620068518,720575940635468991,15.0
720575940620068518,720575940639680957,5.0
720575940620091294,720575940617530525,6.0
720575940620091294,720575940621065301,8.0
720575940620124028,720575940613583001,15.0
720575940620183973,720575940605095346,22.0
720575940620183973,720575940611644529,23.0
720575940620183973,720575940620835327,24.0
720575940620183973,720575940625345328,6.0
720575940620183973,720575940626243614,19.0
720575940620300308,720575940612036837,31.0
720575940620300308,720575940614730914,52.0
720575940620300308,720575940620714150,6.0
720575940620300308,720575940630334658,19.0
720575940620300308,720575940631705130,8.0
720575940620300308,720575940640978048,10.0
720575940620300308,720575940641480949,27.0
720575940620300308,720575940645047831,30.0
720575940620300308,720575940645352814,9.0
720575940620300308,720575940647228468,7.0
720575940620304110,720575940605676210,9.0
720575940620304110,720575940610332024,58.0
720575940620304110,720575940613099493,5.0
720575940620304110,720575940613183717,11.0
720575940620304110,720575940617044948,23.0
720575940620304110,720575940618263174,7.0
720575940620304110,720575940618574749,21.0
720575940620304110,720575940620183973,50.0
720575940620304110,720575940620835327,5.0
720575940620304110,720575940621457079,50.0
720575940620304110,720575940622208695,12.0
720575940620304110,720575940622657684,53.0
720575940620304110,720575940623688119,8.0
720575940620304110,720575940626052647,7.0
720575940620304110,720575940627083397,6.0
720575940620304110,720575940628125339,6.0
720575940620304110,720575940628370732,60.0
720575940620304110,720575940628404227,13.0
720575940620304110,720575940630907434,22.0
720575940620304110,720575940635831438,37.0
720575940620304110,720575940635863214,19.0
720575940620304110,720575940637299172,9.0
720575940620304110,720575940640945115,12.0
720575940620537153,720575940602879404,6.0
720575940620537153,720575940620714150,17.0
720575940620537153,720575940622027222,14.0
720575940620537153,720575940623478115,10.0
720575940620537153,720575940624897516,173.0
720575940620537153,720575940627015196,240.0
720575940620537153,720575940630291767,27.0
720575940620537153,720575940632043576,236.0
720575940620537153,720575940644758308,16.0
720575940620537153,720575940647029044,186.0
720575940620576609,720575940617570008,5.0
720575940620576609,720575940620121223,7.0
720575940620622452,720575940605095346,7.0
720575940620622452,720575940612054425,8.0
720575940620622452,720575940615930299,11.0
720575940620622452,720575940618089851,5.0
720575940620622452,720575940618969758,11.0
720575940620622452,720575940620835327,5.0
720575940620622452,720575940621457079,14.0
720575940620622452,720575940622208695,7.0
720575940620622452,720575940623203805,5.0
720575940620622452,720575940624336647,7.0
720575940620622452,720575940625887631,7.0
720575940620622452,720575940628404227,5.0
720575940620622452,720575940628802888,19.0
720575940620622452,720575940630086698,50.0
720575940620622452,720575940630095045,6.0
720575940620622452,720575940633350812,11.0
720575940620622452,720575940636871246,12.0
720575940620622452,720575940641629344,10.0
720575940620714150,720575940612036837,73.0
720575940620714150,720575940614730914,22.0
720575940620714150,720575940620300308,52.0
720575940620714150,720575940621065301,61.0
720575940620714150,720575940621835174,5.0
720575940620714150,720575940624537284,7.0
720575940620714150,720575940628441862,7.0
720575940620714150,720575940631959097,7.0
720575940620714150,720575940641480949,107.0
720575940620714150,720575940645047831,97.0
720575940620714150,720575940645352814,25.0
720575940620835327,720575940604783136,16.0
720575940620835327,720575940605214636,5.0
720575940620835327,720575940605676210,9.0
720575940620835327,720575940609073347,22.0
720575940620835327,720575940610088883,21.0
720575940620835327,720575940610332024,26.0
720575940620835327,720575940612054425,12.0
720575940620835327,720575940613183717,19.0
720575940620835327,720575940614026390,7.0
720575940620835327,720575940615541810,7.0
720575940620835327,720575940615790658,17.0
720575940620835327,720575940615930299,34.0
720575940620835327,720575940616611001,5.0
720575940620835327,720575940617044948,18.0
720575940620835327,720575940617492821,5.0
720575940620835327,720575940618129573,18.0
720575940620835327,720575940618263174,11.0
720575940620835327,720575940618342966,15.0
720575940620835327,720575940620183973,48.0
720575940620835327,720575940620304110,8.0
720575940620835327,720575940620622452,25.0
720575940620835327,720575940620866036,43.0
720575940620835327,720575940621148660,18.0
720575940620835327,720575940621457079,28.0
720575940620835327,720575940621555603,27.0
720575940620835327,720575940622188568,6.0
720575940620835327,720575940622401462,7.0
720575940620835327,720575940622510788,5.0
720575940620835327,720575940622657684,12.0
720575940620835327,720575940622917381,7.0
720575940620835327,720575940623090446,5.0
720575940620835327,720575940623688119,18.0
720575940620835327,720575940624134296,39.0
720575940620835327,720575940624227661,6.0
720575940620835327,720575940624504212,6.0
720575940620835327,720575940624897516,13.0
720575940620835327,720575940625809539,26.0
720575940620835327,720575940625887631,26.0
720575940620835327,720575940626052647,12.0
720575940620835327,720575940626243614,10.0
720575940620835327,720575940626246525,35.0
720575940620835327,720575940626381882,32.0
720575940620835327,720575940626592387,20.0
720575940620835327,720575940627015196,11.0
720575940620835327,720575940627096957,30.0
720575940620835327,720575940627218882,20.0
720575940620835327,720575940627469394,6.0
720575940620835327,720575940627585874,16.0
720575940620835327,720575940627646026,7.0
720575940620835327,720575940627962844,7.0
720575940620835327,720575940628014391,6.0
720575940620835327,720575940628125339,28.0
720575940620835327,720575940628200551,53.0
720575940620835327,720575940628370732,16.0
720575940620835327,720575940628404227,21.0
720575940620835327,720575940629584887,16.0
720575940620835327,720575940629701737,29.0
720575940620835327,720575940630160384,12.0
720575940620835327,720575940630749523,22.0
720575940620835327,720575940631328738,25.0
720575940620835327,720575940631447879,9.0
720575940620835327,720575940631469610,17.0
720575940620835327,720575940632043576,9.0
720575940620835327,720575940632509711,6.0
720575940620835327,720575940632998136,39.0
720575940620835327,720575940633483444,5.0
720575940620835327,720575940633714402,13.0
720575940620835327,720575940635330204,6.0
720575940620835327,720575940635749751,38.0
720575940620835327,720575940635831438,19.0
720575940620835327,720575940635863214,17.0
720575940620835327,720575940636030185,36.0
720575940620835327,720575940636871246,8.0
720575940620835327,720575940637299172,17.0
720575940620835327,720575940640616253,9.0
720575940620835327,720575940640945115,13.0
720575940620835327,720575940641629344,9.0
720575940620835327,720575940645497140,8.0
720575940620835327,720575940647029044,14.0
720575940620835327,720575940649809273,17.0
720575940620835327,720575940651593974,9.0
720575940620835327,720575940654490785,15.0
720575940620835327,720575940660314241,15.0
720575940620866036,720575940603533246,21.0
720575940620866036,720575940604783136,8.0
720575940620866036,720575940605214636,6.0
720575940620866036,720575940609673369,13.0
720575940620866036,720575940615541810,5.0
720575940620866036,720575940618129573,8.0
720575940620866036,720575940618342966,25.0
720575940620866036,720575940621148660,54.0
720575940620866036,720575940621242025,7.0
720575940620866036,720575940625345328,20.0
720575940620866036,720575940626052647,12.0
720575940620866036,720575940627962844,5.0
720575940620866036,720575940629584887,7.0
720575940620866036,720575940634453093,22.0
720575940620928647,720575940615723314,13.0
720575940620928647,720575940616019899,8.0
720575940620928647,720575940621000831,7.0
720575940620928647,720575940627015196,9.0
720575940620928647,720575940632043576,22.0
720575940620943969,720575940607749077,41.0
720575940620943969,720575940617492821,10.0
720575940620943969,720575940623203805,9.0
720575940620943969,720575940623764967,6.0
720575940620943969,720575940626002575,16.0
720575940620943969,720575940627111752,84.0
720575940620943969,720575940631842360,248.0
720575940620943969,720575940632472850,210.0
720575940620943969,720575940635967886,42.0
720575940621000831,720575940610505006,22.0
720575940621000831,720575940611644529,31.0
720575940621000831,720575940618932763,19.0
720575940621000831,720575940623579063,38.0
720575940621065301,720575940614730914,25.0
720575940621065301,720575940620714150,6.0
720575940621065301,720575940624986919,5.0
720575940621065301,720575940625561406,6.0
720575940621065301,720575940630291767,5.0
720575940621065301,720575940644758308,12.0
720575940621071203,720575940613583001,24.0
720575940621148660,720575940602879404,9.0
720575940621148660,720575940604783136,5.0
720575940621148660,720575940609073347,13.0
720575940621148660,720575940610088883,40.0
720575940621148660,720575940610332024,5.0
720575940621148660,720575940612054425,160.0
720575940621148660,720575940614026390,24.0
720575940621148660,720575940615541810,5.0
720575940621148660,720575940615930299,68.0
720575940621148660,720575940617371732,6.0
720575940621148660,720575940618129573,12.0
720575940621148660,720575940619188577,29.0
720575940621148660,720575940620183973,8.0
720575940621148660,720575940620304110,141.0
720575940621148660,720575940620622452,21.0
720575940621148660,720575940620835327,5.0
720575940621148660,720575940620866036,44.0
720575940621148660,720575940621457079,11.0
720575940621148660,720575940621555603,6.0
720575940621148660,720575940623688119,72.0
720575940621148660,720575940624134296,45.0
720575940621148660,720575940624227661,34.0
720575940621148660,720575940624504212,11.0
720575940621148660,720575940625780836,7.0
720575940621148660,720575940625887631,82.0
720575940621148660,720575940626052647,9.0
720575940621148660,720575940626381882,52.0
720575940621148660,720575940627015196,13.0
720575940621148660,720575940627218882,58.0
720575940621148660,720575940627962844,30.0
720575940621148660,720575940628033944,5.0
720575940621148660,720575940628125339,49.0
720575940621148660,720575940628125775,12.0
720575940621148660,720575940628370732,18.0
720575940621148660,720575940629584887,5.0
720575940621148660,720575940630258003,7.0
720575940621148660,720575940630749523,75.0
720575940621148660,720575940631328738,24.0
720575940621148660,720575940632043576,14.0
720575940621148660,720575940632998136,76.0
720575940621148660,720575940633401199,5.0
720575940621148660,720575940633483444,13.0
720575940621148660,720575940634453093,6.0
720575940621148660,720575940635330204,5.0
720575940621148660,720575940635749751,33.0
720575940621148660,720575940635831438,24.0
720575940621148660,720575940636030185,53.0
720575940621148660,720575940641629344,55.0
720575940621148660,720575940649809273,5.0
720575940621148660,720575940651593974,11.0
720575940621148660,720575940654490785,57.0
720575940621148660,720575940660314241,58.0
720575940621242025,720575940609073347,10.0
720575940621242025,720575940610332024,9.0
720575940621242025,720575940615930299,7.0
720575940621242025,720575940618129573,50.0
720575940621242025,720575940618263174,19.0
720575940621242025,720575940618342966,8.0
720575940621242025,720575940619109915,5.0
720575940621242025,720575940620304110,22.0
720575940621242025,720575940620622452,5.0
720575940621242025,720575940620835327,7.0
720575940621242025,720575940620866036,59.0
720575940621242025,720575940621148660,6.0
720575940621242025,720575940621457079,6.0
720575940621242025,720575940621555603,10.0
720575940621242025,720575940622401462,10.0
720575940621242025,720575940622657684,8.0
720575940621242025,720575940623688119,21.0
720575940621242025,720575940624134296,53.0
720575940621242025,720575940624504212,10.0
720575940621242025,720575940625345328,15.0
720575940621242025,720575940625780836,6.0
720575940621242025,720575940625809539,5.0
720575940621242025,720575940625887631,79.0
720575940621242025,720575940626052647,44.0
720575940621242025,720575940626381882,10.0
720575940621242025,720575940627015196,8.0
720575940621242025,720575940627218882,21.0
720575940621242025,720575940627962844,50.0
720575940621242025,720575940628125339,11.0
720575940621242025,720575940628370732,16.0
720575940621242025,720575940628802888,6.0
720575940621242025,720575940630160384,5.0
720575940621242025,720575940630749523,170.0
720575940621242025,720575940631447879,12.0
720575940621242025,720575940632998136,132.0
720575940621242025,720575940634453093,11.0
720575940621242025,720575940635330204,10.0
720575940621242025,720575940635749751,7.0
720575940621242025,720575940635831438,14.0
720575940621242025,720575940636030185,13.0
720575940621242025,720575940637299172,26.0
720575940621242025,720575940640597237,12.0
720575940621242025,720575940660314241,11.0
720575940621277790,720575940608336514,7.0
720575940621277790,720575940620943969,8.0
720575940621277790,720575940631842360,55.0
720575940621332833,720575940606126782,20.0
720575940621332833,720575940630610554,9.0
720575940621336852,720575940623426854,8.0
720575940621336852,720575940623457535,27.0
720575940621336852,720575940624323110,5.0
720575940621336852,720575940624448956,8.0
720575940621336852,720575940624943084,6.0
720575940621336852,720575940626524702,22.0
720575940621336852,720575940630064195,5.0
720575940621457079,720575940610088883,15.0
720575940621457079,720575940613183717,5.0
720575940621457079,720575940614026390,11.0
720575940621457079,720575940614710509,8.0
720575940621457079,720575940615930299,21.0
720575940621457079,720575940618263174,8.0
720575940621457079,720575940620866036,6.0
720575940621457079,720575940622510788,5.0
720575940621457079,720575940623090446,7.0
720575940621457079,720575940625887631,6.0
720575940621457079,720575940626381882,38.0
720575940621457079,720575940627218882,9.0
720575940621457079,720575940627349860,8.0
720575940621457079,720575940628125339,16.0
720575940621457079,720575940631328738,35.0
720575940621457079,720575940632509711,7.0
720575940621457079,720575940633483444,10.0
720575940621457079,720575940633714402,9.0
720575940621457079,720575940635749751,27.0
720575940621457079,720575940636030185,24.0
720575940621457079,720575940640945115,7.0
720575940621457079,720575940654490785,17.0
720575940621504269,720575940613583001,17.0
720575940621551854,720575940605758142,13.0
720575940621551854,720575940609282825,15.0
720575940621551854,720575940609891886,7.0
720575940621551854,720575940614956072,49.0
720575940621551854,720575940616486230,17.0
720575940621551854,720575940622574532,9.0
720575940621551854,720575940623650823,8.0
720575940621551854,720575940624330281,14.0
720575940621551854,720575940627349860,11.0
720575940621551854,720575940633294796,13.0
720575940621551854,720575940634545890,21.0
720575940621551854,720575940635604581,5.0
720575940621551854,720575940640803200,15.0
720575940621551854,720575940646576436,37.0
720575940621555603,720575940605095346,22.0
720575940621555603,720575940606111433,6.0
720575940621555603,720575940608336514,5.0
720575940621555603,720575940609073347,11.0
720575940621555603,720575940612054425,10.0
720575940621555603,720575940618089851,6.0
720575940621555603,720575940618969758,19.0
720575940621555603,720575940620183973,7.0
720575940621555603,720575940620835327,17.0
720575940621555603,720575940621457079,10.0
720575940621555603,720575940622208695,7.0
720575940621555603,720575940623203805,5.0
720575940621555603,720575940624336647,10.0
720575940621555603,720575940625887631,7.0
720575940621555603,720575940628802888,21.0
720575940621555603,720575940630086698,48.0
720575940621555603,720575940631842360,8.0
720575940621555603,720575940633350812,12.0
720575940621555603,720575940633714402,7.0
720575940621555603,720575940636871246,24.0
720575940621822043,720575940626482521,5.0
720575940621822043,720575940630859791,8.0
720575940621822043,720575940631710604,12.0
720575940621827419,720575940633228172,53.0
720575940621827419,720575940660224641,24.0
720575940621835174,720575940612036837,140.0
720575940621835174,720575940618574749,13.0
720575940621835174,720575940620714150,33.0
720575940621835174,720575940621065301,58.0
720575940621835174,720575940622027222,18.0
720575940621835174,720575940624897516,66.0
720575940621835174,720575940625641402,6.0
720575940621835174,720575940628441862,31.0
720575940621835174,720575940630291767,37.0
720575940621835174,720575940630334658,6.0
720575940621835174,720575940631705130,10.0
720575940621835174,720575940641480949,104.0
720575940621835174,720575940641585627,6.0
720575940621835174,720575940644758308,46.0
720575940621835174,720575940645047831,113.0
720575940621835174,720575940645352814,21.0
720575940621835174,720575940647029044,44.0
720575940621864965,720575940613583001,20.0
720575940621875821,720575940608716809,10.0
720575940621875821,720575940609957315,12.0
720575940621875821,720575940613527761,6.0
720575940621875821,720575940613838289,21.0
720575940621875821,720575940618574749,47.0
720575940621875821,720575940619530187,5.0
720575940621875821,720575940620304110,6.0
720575940621875821,720575940622042373,9.0
720575940621875821,720575940623362698,8.0
720575940621875821,720575940624336647,5.0
720575940621875821,720575940624537284,13.0
720575940621875821,720575940624986407,14.0
720575940621875821,720575940625182341,50.0
720575940621875821,720575940625454162,23.0
720575940621875821,720575940625809539,6.0
720575940621875821,720575940627015196,5.0
720575940621875821,720575940627096957,11.0
720575940621875821,720575940628954954,12.0
720575940621875821,720575940629192975,9.0
720575940621875821,720575940629701737,20.0
720575940621875821,720575940630164992,7.0
720575940621875821,720575940630246364,29.0
720575940621875821,720575940632043576,11.0
720575940621875821,720575940637218672,5.0
720575940621875821,720575940637471039,8.0
720575940621875821,720575940638803790,5.0
720575940621875821,720575940644467360,10.0
720575940621902085,720575940611756723,9.0
720575940621902085,720575940623165965,5.0
720575940621902085,720575940623203805,18.0
720575940621902085,720575940628635751,5.0
720575940621902085,720575940632648868,5.0
720575940621997034,720575940616695099,9.0
720575940621997034,720575940620943969,5.0
720575940622027222,720575940612036837,92.0
720575940622027222,720575940614730914,16.0
720575940622027222,720575940620300308,39.0
720575940622027222,720575940621065301,38.0
720575940622027222,720575940624537284,6.0
720575940622027222,720575940628441862,5.0
720575940622027222,720575940641480949,147.0
720575940622027222,720575940645047831,113.0
720575940622027222,720575940645352814,17.0
720575940622027527,720575940628882450,5.0
720575940622042373,720575940628125715,15.0
720575940622139613,720575940640935387,5.0
720575940622213953,720575940627384049,5.0
720575940622213953,720575940630084352,6.0
720575940622257544,720575940614815199,15.0
720575940622257544,720575940616695099,27.0
720575940622257544,720575940625440019,5.0
720575940622257544,720575940632317997,24.0
720575940622360358,720575940609891886,13.0
720575940622360358,720575940616169578,6.0
720575940622360358,720575940620068518,15.0
720575940622360358,720575940622574532,10.0
720575940622360358,720575940633294796,6.0
720575940622360358,720575940634545890,6.0
720575940622360358,720575940639680957,11.0
720575940622360358,720575940640398477,10.0
720575940622360358,720575940640803200,7.0
720575940622401462,720575940603533246,12.0
720575940622401462,720575940625345328,41.0
720575940622401462,720575940634453093,5.0
720575940622473292,720575940611772083,28.0
720575940622473292,720575940614730914,18.0
720575940622473292,720575940620300308,120.0
720575940622473292,720575940621835174,18.0
720575940622473292,720575940623579063,33.0
720575940622473292,720575940629123454,6.0
720575940622473292,720575940630334658,5.0
720575940622473292,720575940640978048,106.0
720575940622473292,720575940641480949,38.0
720575940622473292,720575940645047831,48.0
720575940622473292,720575940647228468,122.0
720575940622485981,720575940605676210,6.0
720575940622485981,720575940609387100,12.0
720575940622485981,720575940618342966,12.0
720575940622485981,720575940619130096,9.0
720575940622485981,720575940620622452,5.0
720575940622485981,720575940621148660,10.0
720575940622485981,720575940621555603,5.0
720575940622485981,720575940624336647,143.0
720575940622485981,720575940625146122,6.0
720575940622485981,720575940625887631,10.0
720575940622485981,720575940626246525,6.0
720575940622485981,720575940628802888,9.0
720575940622485981,720575940629192975,24.0
720575940622485981,720575940641629344,6.0
720575940622485981,720575940649809273,6.0
720575940622510788,720575940620183973,5.0
720575940622510788,720575940626592387,9.0
720575940622574532,720575940605758142,5.0
720575940622574532,720575940609891886,7.0
720575940622574532,720575940613583001,5.0
720575940622574532,720575940616486230,15.0
720575940622574532,720575940617470932,10.0
720575940622574532,720575940621551854,7.0
720575940622574532,720575940635468991,5.0
720575940622616333,720575940617530525,5.0
720575940622616333,720575940626993694,7.0
720575940622616333,720575940628891396,8.0
720575940622616333,720575940629239934,8.0
720575940622616333,720575940630334658,8.0
720575940622616333,720575940631705130,9.0
720575940622616333,720575940645352814,7.0
720575940622624214,720575940615671106,32.0
720575940622624214,720575940628345610,5.0
720575940622657684,720575940605095346,5.0
720575940622657684,720575940608336514,5.0
720575940622657684,720575940614710509,16.0
720575940622657684,720575940617044948,9.0
720575940622657684,720575940620835327,7.0
720575940622657684,720575940623579063,7.0
720575940622657684,720575940625345328,9.0
720575940622657684,720575940626243614,8.0
720575940622657684,720575940628370732,5.0
720575940622829132,720575940605781932,7.0
720575940622829132,720575940610472131,6.0
720575940622829132,720575940613074394,5.0
720575940622829132,720575940616647029,26.0
720575940622829132,720575940616993478,9.0
720575940622829132,720575940617560838,55.0
720575940622829132,720575940621268827,5.0
720575940622829132,720575940624437956,8.0
720575940622829132,720575940626118021,22.0
720575940622829132,720575940627088698,6.0
720575940622829132,720575940627372290,13.0
720575940622829132,720575940628065352,6.0
720575940622829132,720575940636879215,12.0
720575940622890509,720575940613583001,20.0
720575940622917381,720575940623203805,17.0
720575940622917381,720575940628802888,15.0
720575940622917381,720575940634704491,5.0
720575940623051544,720575940623457535,15.0
720575940623051544,720575940624943084,58.0
720575940623051544,720575940626068569,19.0
720575940623090446,720575940629584887,7.0
720575940623090446,720575940634453093,5.0
720575940623165965,720575940610698052,5.0
720575940623165965,720575940637218672,9.0
720575940623203805,720575940610348773,6.0
720575940623203805,720575940610450418,5.0
720575940623203805,720575940610505006,21.0
720575940623203805,720575940610698052,5.0
720575940623203805,720575940611644529,37.0
720575940623203805,720575940611756723,17.0
720575940623203805,720575940613183717,9.0
720575940623203805,720575940620943969,6.0
720575940623203805,720575940621000831,33.0
720575940623203805,720575940622917381,30.0
720575940623203805,720575940624377323,19.0
720575940623203805,720575940625779642,8.0
720575940623203805,720575940626002575,5.0
720575940623203805,720575940628478449,6.0
720575940623203805,720575940629837563,30.0
720575940623203805,720575940631710604,33.0
720575940623203805,720575940631842360,5.0
720575940623203805,720575940634704491,28.0
720575940623203805,720575940634751918,9.0
720575940623203805,720575940636593550,167.0
720575940623203805,720575940637218672,26.0
720575940623203805,720575940640945115,17.0
720575940623321638,720575940623465098,6.0
720575940623321638,720575940631842360,9.0
720575940623360440,720575940629244154,6.0
720575940623362698,720575940603636913,15.0
720575940623362698,720575940625146122,7.0
720575940623362698,720575940632043320,23.0
720575940623362698,720575940634453093,6.0
720575940623465098,720575940623321638,7.0
720575940623465098,720575940628792323,6.0
720575940623465098,720575940640935387,7.0
720575940623478115,720575940614730914,38.0
720575940623478115,720575940619191966,7.0
720575940623478115,720575940620300308,38.0
720575940623478115,720575940621065301,12.0
720575940623478115,720575940623579063,7.0
720575940623478115,720575940630334658,35.0
720575940623478115,720575940640978048,6.0
720575940623478115,720575940641480949,13.0
720575940623478115,720575940645047831,14.0
720575940623478115,720575940647228468,6.0
720575940623484100,720575940625345328,6.0
720575940623491987,720575940615957663,5.0
720575940623491987,720575940628132745,5.0
720575940623491987,720575940633165452,20.0
720575940623528842,720575940622257544,5.0
720575940623528842,720575940625440019,7.0
720575940623528842,720575940632317997,12.0
720575940623528842,720575940641263312,7.0
720575940623579063,720575940611772083,16.0
720575940623579063,720575940620300308,146.0
720575940623579063,720575940620537153,29.0
720575940623579063,720575940622473292,133.0
720575940623579063,720575940629123454,5.0
720575940623579063,720575940630334658,35.0
720575940623579063,720575940632043576,5.0
720575940623579063,720575940640978048,190.0
720575940623579063,720575940641480949,5.0
720575940623579063,720575940645047831,5.0
720575940623579063,720575940647228468,181.0
720575940623650823,720575940609282825,5.0
720575940623650823,720575940615255993,7.0
720575940623650823,720575940624330281,11.0
720575940623650823,720575940627349860,18.0
720575940623650823,720575940628882450,8.0
720575940623650823,720575940633294796,12.0
720575940623650823,720575940634545890,8.0
720575940623650823,720575940634710629,9.0
720575940623650823,720575940635604581,16.0
720575940623650823,720575940640803200,12.0
720575940623650823,720575940646576436,17.0
720575940623688119,720575940605214636,15.0
720575940623688119,720575940609673369,9.0
720575940623688119,720575940610332024,6.0
720575940623688119,720575940618129573,19.0
720575940623688119,720575940620835327,13.0
720575940623688119,720575940621242025,9.0
720575940623688119,720575940627962844,32.0
720575940623688119,720575940630749523,22.0
720575940623688119,720575940632998136,32.0
720575940623764967,720575940623203805,24.0
720575940623764967,720575940631842360,30.0
720575940623764967,720575940632472850,11.0
720575940624126537,720575940618932763,12.0
720575940624126537,720575940624336647,13.0
720575940624134296,720575940603533246,30.0
720575940624134296,720575940605214636,15.0
720575940624134296,720575940618342966,43.0
720575940624134296,720575940621148660,47.0
720575940624134296,720575940625345328,18.0
720575940624134296,720575940629584887,5.0
720575940624134296,720575940634453093,17.0
720575940624134296,720575940635330204,10.0
720575940624134296,720575940637299172,5.0
720575940624140424,720575940608336514,23.0
720575940624140424,720575940610505006,6.0
720575940624140424,720575940611644529,6.0
720575940624140424,720575940614518690,16.0
720575940624140424,720575940614710509,6.0
720575940624140424,720575940615528678,22.0
720575940624140424,720575940615723314,60.0
720575940624140424,720575940616019899,10.0
720575940624140424,720575940616101789,5.0
720575940624140424,720575940618089851,9.0
720575940624140424,720575940621000831,14.0
720575940624140424,720575940624336647,22.0
720575940624140424,720575940624574100,18.0
720575940624140424,720575940625779642,6.0
720575940624140424,720575940627848196,19.0
720575940624140424,720575940629192975,20.0
720575940624140424,720575940630086698,37.0
720575940624140424,720575940630095045,8.0
720575940624140424,720575940631842360,14.0
720575940624140424,720575940632381536,14.0
720575940624140424,720575940632472850,7.0
720575940624140424,720575940633350812,63.0
720575940624140424,720575940634751918,9.0
720575940624140424,720575940635967886,5.0
720575940624227661,720575940605095346,15.0
720575940624227661,720575940607775106,22.0
720575940624227661,720575940609073347,10.0
720575940624227661,720575940610348773,5.0
720575940624227661,720575940613183717,5.0
720575940624227661,720575940613707431,14.0
720575940624227661,720575940616611001,5.0
720575940624227661,720575940618089851,18.0
720575940624227661,720575940618342966,37.0
720575940624227661,720575940620786431,5.0
720575940624227661,720575940620835327,15.0
720575940624227661,720575940621148660,31.0
720575940624227661,720575940621457079,6.0
720575940624227661,720575940623203805,5.0
720575940624227661,720575940625887631,9.0
720575940624227661,720575940626002575,17.0
720575940624227661,720575940628802888,33.0
720575940624227661,720575940630095045,12.0
720575940624227661,720575940631842360,15.0
720575940624227661,720575940635330204,20.0
720575940624227661,720575940635967886,10.0
720575940624227661,720575940636871246,9.0
720575940624323110,720575940614730914,19.0
720575940624323110,720575940619191966,19.0
720575940624323110,720575940640978048,7.0
720575940624323110,720575940647228468,5.0
720575940624330281,720575940615255993,8.0
720575940624330281,720575940623650823,5.0
720575940624330281,720575940627349860,38.0
720575940624330281,720575940628882450,5.0
720575940624330281,720575940635604581,6.0
720575940624336647,720575940609387100,54.0
720575940624336647,720575940610088883,13.0
720575940624336647,720575940611864243,5.0
720575940624336647,720575940615723314,9.0
720575940624336647,720575940615930299,47.0
720575940624336647,720575940619329957,26.0
720575940624336647,720575940620943969,5.0
720575940624336647,720575940622485981,8.0
720575940624336647,720575940622510788,18.0
720575940624336647,720575940625146122,12.0
720575940624336647,720575940625454162,9.0
720575940624336647,720575940625766960,5.0
720575940624336647,720575940625779642,7.0
720575940624336647,720575940625887631,20.0
720575940624336647,720575940626887080,5.0
720575940624336647,720575940627096957,11.0
720575940624336647,720575940627174404,9.0
720575940624336647,720575940627646026,7.0
720575940624336647,720575940629701737,18.0
720575940624336647,720575940630311383,5.0
720575940624336647,720575940632509711,26.0
720575940624336647,720575940633714402,5.0
720575940624336647,720575940637755507,18.0
720575940624336647,720575940654490785,26.0
720575940624377323,720575940610698052,15.0
720575940624377323,720575940611756723,19.0
720575940624377323,720575940628478449,6.0
720575940624377323,720575940629837563,22.0
720575940624437956,720575940613074394,5.0
720575940624437956,720575940617560838,5.0
720575940624437956,720575940622829132,10.0
720575940624448956,720575940621336852,9.0
720575940624472334,720575940610505006,25.0
720575940624472334,720575940611644529,52.0
720575940624472334,720575940618932763,12.0
720575940624484796,720575940623426854,8.0
720575940624484796,720575940628998659,11.0
720575940624484796,720575940659860609,14.0
720575940624504212,720575940603533246,45.0
720575940624504212,720575940610450418,5.0
720575940624504212,720575940610669042,16.0
720575940624504212,720575940614710509,24.0
720575940624504212,720575940618969758,7.0
720575940624504212,720575940619109915,20.0
720575940624504212,720575940619130096,13.0
720575940624504212,720575940620537153,29.0
720575940624504212,720575940620835327,10.0
720575940624504212,720575940623360440,7.0
720575940624504212,720575940623579063,11.0
720575940624504212,720575940625345328,25.0
720575940624504212,720575940626295562,12.0
720575940624504212,720575940627290108,5.0
720575940624504212,720575940628802888,7.0
720575940624527091,720575940613583001,24.0
720575940624537284,720575940621065301,5.0
720575940624537284,720575940622027222,8.0
720575940624537284,720575940644758308,6.0
720575940624574100,720575940610505006,14.0
720575940624574100,720575940611644529,33.0
720575940624574100,720575940618932763,31.0
720575940624574100,720575940621000831,5.0
720575940624574100,720575940623579063,7.0
720575940624574100,720575940626243614,9.0
720575940624789652,720575940633316307,9.0
720575940624789652,720575940636552805,6.0
720575940624789652,720575940644726432,8.0
720575940624966840,720575940610679876,23.0
720575940624966840,720575940615671106,14.0
720575940624966840,720575940624484796,15.0
720575940624966840,720575940630580854,21.0
720575940624966840,720575940642449909,8.0
720575940624966840,720575940645047831,19.0
720575940624986407,720575940608716809,11.0
720575940624986407,720575940613527761,38.0
720575940624986407,720575940613838289,13.0
720575940624986407,720575940618574749,114.0
720575940624986407,720575940625809539,6.0
720575940624986407,720575940627469394,40.0
720575940624986407,720575940628125715,8.0
720575940624986407,720575940630160384,12.0
720575940624986407,720575940630164992,5.0
720575940624986407,720575940630907434,71.0
720575940624986407,720575940631447879,10.0
720575940624986407,720575940632985261,6.0
720575940624986407,720575940633228172,18.0
720575940624986407,720575940638803790,37.0
720575940624986407,720575940644467360,35.0
720575940624986919,720575940614730914,49.0
720575940624986919,720575940624816115,76.0
720575940624986919,720575940624897516,6.0
720575940624986919,720575940624943084,14.0
720575940624986919,720575940625561406,11.0
720575940624986919,720575940629123454,14.0
720575940624986919,720575940641585627,15.0
720575940624986919,720575940644758308,5.0
720575940624986919,720575940659860609,39.0
720575940625146122,720575940605095346,10.0
720575940625146122,720575940610348773,16.0
720575940625146122,720575940615723314,109.0
720575940625146122,720575940617492821,55.0
720575940625146122,720575940618932763,6.0
720575940625146122,720575940620537153,14.0
720575940625146122,720575940622485981,42.0
720575940625146122,720575940623203805,6.0
720575940625146122,720575940625345328,15.0
720575940625146122,720575940625766960,15.0
720575940625146122,720575940627015196,7.0
720575940625146122,720575940630164992,12.0
720575940625146122,720575940631842360,8.0
720575940625146122,720575940632043576,12.0
720575940625146122,720575940635330204,6.0
720575940625146122,720575940637755507,30.0
720575940625146122,720575940640945115,6.0
720575940625182341,720575940610679876,9.0
720575940625182341,720575940621065301,8.0
720575940625182341,720575940633316307,15.0
720575940625182341,720575940636552805,15.0
720575940625226506,720575940633350812,5.0
720575940625226506,720575940635967886,13.0
720575940625292606,720575940613583001,17.0
720575940625339977,720575940626482521,5.0
720575940625339977,720575940626792025,5.0
720575940625339977,720575940630859791,12.0
720575940625345328,720575940604783136,14.0
720575940625345328,720575940605214636,130.0
720575940625345328,720575940605676210,24.0
720575940625345328,720575940610088883,40.0
720575940625345328,720575940610332024,7.0
720575940625345328,720575940611644529,15.0
720575940625345328,720575940612054425,37.0
720575940625345328,720575940615541810,26.0
720575940625345328,720575940615790658,9.0
720575940625345328,720575940615930299,7.0
720575940625345328,720575940617044948,17.0
720575940625345328,720575940617371732,8.0
720575940625345328,720575940618263174,6.0
720575940625345328,720575940618342966,62.0
720575940625345328,720575940620183973,20.0
720575940625345328,720575940620304110,32.0
720575940625345328,720575940620622452,7.0
720575940625345328,720575940620866036,24.0
720575940625345328,720575940621148660,64.0
720575940625345328,720575940621457079,11.0
720575940625345328,720575940622657684,42.0
720575940625345328,720575940623688119,6.0
720575940625345328,720575940624134296,10.0
720575940625345328,720575940624504212,12.0
720575940625345328,720575940625887631,6.0
720575940625345328,720575940626243614,38.0
720575940625345328,720575940626246525,13.0
720575940625345328,720575940626381882,6.0
720575940625345328,720575940626592387,24.0
720575940625345328,720575940627015196,25.0
720575940625345328,720575940627096957,25.0
720575940625345328,720575940627218882,7.0
720575940625345328,720575940627469394,11.0
720575940625345328,720575940627490459,41.0
720575940625345328,720575940627585874,15.0
720575940625345328,720575940627962844,5.0
720575940625345328,720575940628125339,40.0
720575940625345328,720575940628370732,5.0
720575940625345328,720575940628404227,18.0
720575940625345328,720575940629584887,22.0
720575940625345328,720575940629701737,23.0
720575940625345328,720575940631328738,33.0
720575940625345328,720575940631469610,17.0
720575940625345328,720575940632043320,44.0
720575940625345328,720575940632043576,9.0
720575940625345328,720575940632998136,5.0
720575940625345328,720575940633714402,8.0
720575940625345328,720575940635330204,17.0
720575940625345328,720575940635749751,18.0
720575940625345328,720575940635831438,18.0
720575940625345328,720575940636030185,11.0
720575940625345328,720575940649809273,8.0
720575940625345328,720575940654490785,19.0
720575940625377688,720575940613583001,26.0
720575940625408333,720575940621662332,5.0
720575940625440019,720575940614815199,14.0
720575940625440019,720575940616695099,6.0
720575940625440019,720575940632317997,26.0
720575940625454162,720575940608431625,5.0
720575940625454162,720575940609387100,19.0
720575940625454162,720575940610505006,6.0
720575940625454162,720575940610669042,12.0
720575940625454162,720575940615537041,12.0
720575940625454162,720575940615723314,11.0
720575940625454162,720575940619191966,18.0
720575940625454162,720575940620928647,13.0
720575940625454162,720575940621000831,17.0
720575940625454162,720575940623203805,25.0
720575940625454162,720575940630246364,10.0
720575940625454162,720575940632043320,14.0
720575940625454162,720575940632985261,6.0
720575940625561406,720575940614730914,163.0
720575940625561406,720575940621065301,8.0
720575940625561406,720575940624323110,129.0
720575940625561406,720575940624816115,69.0
720575940625561406,720575940624986919,103.0
720575940625561406,720575940629123454,15.0
720575940625561406,720575940641585627,13.0
720575940625653029,720575940606224318,5.0
720575940625653029,720575940648191876,7.0
720575940625653029,720575940661335681,5.0
720575940625681681,720575940622027527,6.0
720575940625681681,720575940631842360,20.0
720575940625681681,720575940637067888,5.0
720575940625737776,720575940618574749,5.0
720575940625766960,720575940624336647,6.0
720575940625766960,720575940631842360,6.0
720575940625779642,720575940614710509,7.0
720575940625779642,720575940618932763,13.0
720575940625779642,720575940631842360,12.0
720575940625779642,720575940632472850,29.0
720575940625780836,720575940613099493,6.0
720575940625780836,720575940620537153,20.0
720575940625780836,720575940620786431,19.0
720575940625780836,720575940635863214,18.0
720575940625809539,720575940621875821,7.0
720575940625809539,720575940627096957,27.0
720575940625809539,720575940629192975,8.0
720575940625809539,720575940629239934,14.0
720575940625809539,720575940629701737,111.0
720575940625809539,720575940632985261,22.0
720575940625887631,720575940603636913,18.0
720575940625887631,720575940609073347,57.0
720575940625887631,720575940611644529,9.0
720575940625887631,720575940611864243,7.0
720575940625887631,720575940612054425,5.0
720575940625887631,720575940615930299,19.0
720575940625887631,720575940618089851,26.0
720575940625887631,720575940618342966,6.0
720575940625887631,720575940620622452,13.0
720575940625887631,720575940620835327,47.0
720575940625887631,720575940621555603,5.0
720575940625887631,720575940624227661,5.0
720575940625887631,720575940630086698,17.0
720575940625887631,720575940641629344,31.0
720575940625887631,720575940654490785,16.0
720575940626002575,720575940620943969,14.0
720575940626002575,720575940623203805,79.0
720575940626002575,720575940631842360,36.0
720575940626002575,720575940635967886,6.0
720575940626052647,720575940605676210,9.0
720575940626052647,720575940618263174,6.0
720575940626052647,720575940618969758,7.0
720575940626052647,720575940620304110,9.0
720575940626052647,720575940621457079,5.0
720575940626052647,720575940623203805,6.0
720575940626052647,720575940627469394,7.0
720575940626052647,720575940627962844,11.0
720575940626052647,720575940628370732,6.0
720575940626052647,720575940628802888,11.0
720575940626052647,720575940630086698,20.0
720575940626052647,720575940630749523,6.0
720575940626052647,720575940631842360,5.0
720575940626052647,720575940632998136,10.0
720575940626052647,720575940635831438,12.0
720575940626052647,720575940636871246,13.0
720575940626068569,720575940612359343,7.0
720575940626068569,720575940615219417,23.0
720575940626068569,720575940615948610,36.0
720575940626068569,720575940618382529,33.0
720575940626068569,720575940619315888,8.0
720575940626068569,720575940620091294,5.0
720575940626068569,720575940620869717,17.0
720575940626068569,720575940622944196,10.0
720575940626068569,720575940623537485,10.0
720575940626068569,720575940623854276,14.0
720575940626068569,720575940628129129,29.0
720575940626068569,720575940628834151,37.0
720575940626068569,720575940629390123,17.0
720575940626068569,720575940637308605,56.0
720575940626068569,720575940647755641,9.0
720575940626118021,720575940617560838,5.0
720575940626246525,720575940605095346,15.0
720575940626246525,720575940605676210,7.0
720575940626246525,720575940608336514,32.0
720575940626246525,720575940617044948,19.0
720575940626246525,720575940620835327,12.0
720575940626246525,720575940621148660,8.0
720575940626246525,720575940622657684,9.0
720575940626246525,720575940626887080,7.0
720575940626246525,720575940633350812,7.0
720575940626246525,720575940637299172,6.0
720575940626279742,720575940621065301,7.0
720575940626279742,720575940622624214,6.0
720575940626279742,720575940624484796,5.0
720575940626279742,720575940629239934,9.0
720575940626295562,720575940607749077,11.0
720575940626295562,720575940608431625,7.0
720575940626295562,720575940618969758,22.0
720575940626295562,720575940621277790,37.0
720575940626295562,720575940624336647,7.0
720575940626295562,720575940626002575,6.0
720575940626295562,720575940631842360,15.0
720575940626295562,720575940635967886,23.0
720575940626295562,720575940637569870,9.0
720575940626326121,720575940619173592,6.0
720575940626326121,720575940628882450,22.0
720575940626326121,720575940630255813,9.0
720575940626326121,720575940634710629,9.0
720575940626326121,720575940635604581,6.0
720575940626381882,720575940602879404,29.0
720575940626381882,720575940603533246,29.0
720575940626381882,720575940603636913,8.0
720575940626381882,720575940605214636,9.0
720575940626381882,720575940618342966,38.0
720575940626381882,720575940618932763,14.0
720575940626381882,720575940621148660,49.0
720575940626381882,720575940625345328,20.0
720575940626381882,720575940626243614,22.0
720575940626381882,720575940632985261,22.0
720575940626381882,720575940635330204,14.0
720575940626524702,720575940620858606,6.0
720575940626524702,720575940621336852,33.0
720575940626592387,720575940602879404,13.0
720575940626592387,720575940603636913,9.0
720575940626592387,720575940612054425,7.0
720575940626592387,720575940614026390,5.0
720575940626592387,720575940615790658,5.0
720575940626592387,720575940619130096,6.0
720575940626592387,720575940620183973,17.0
720575940626592387,720575940620622452,17.0
720575940626592387,720575940621148660,5.0
720575940626592387,720575940621555603,7.0
720575940626592387,720575940622510788,5.0
720575940626592387,720575940625146122,9.0
720575940626592387,720575940625345328,5.0
720575940626592387,720575940626381882,8.0
720575940626592387,720575940628404227,6.0
720575940626592387,720575940633165452,5.0
720575940626839464,720575940613838289,9.0
720575940626839464,720575940623165965,5.0
720575940626839464,720575940625454162,5.0
720575940626839464,720575940630164992,6.0
720575940626839464,720575940637218672,7.0
720575940626887080,720575940620943969,10.0
720575940626887080,720575940623203805,7.0
720575940626887080,720575940627111752,11.0
720575940626887080,720575940631842360,18.0
720575940626887080,720575940632472850,5.0
720575940626887080,720575940635967886,11.0
720575940626952537,720575940606633248,5.0
720575940626952537,720575940613527761,9.0
720575940626952537,720575940617530525,9.0
720575940626952537,720575940622616333,10.0
720575940626952537,720575940624537284,19.0
720575940626952537,720575940625182341,15.0
720575940626952537,720575940625641402,144.0
720575940626952537,720575940626993694,91.0
720575940626952537,720575940627939177,5.0
720575940626952537,720575940629239934,18.0
720575940626952537,720575940631959097,22.0
720575940626952537,720575940632722771,11.0
720575940626952537,720575940645352814,19.0
720575940626977947,720575940608336514,43.0
720575940626977947,720575940613087218,8.0
720575940626977947,720575940614710509,31.0
720575940626977947,720575940615723314,5.0
720575940626977947,720575940623579063,13.0
720575940626977947,720575940628200551,6.0
720575940626977947,720575940630311383,7.0
720575940626977947,720575940633350812,18.0
720575940626993694,720575940624484796,6.0
720575940626993694,720575940625641402,22.0
720575940626993694,720575940629239934,7.0
720575940626993694,720575940640589171,5.0
720575940627015196,720575940609260494,14.0
720575940627015196,720575940615671106,9.0
720575940627015196,720575940620537153,8.0
720575940627015196,720575940620714150,5.0
720575940627015196,720575940622027222,12.0
720575940627015196,720575940624943084,11.0
720575940627015196,720575940630291767,10.0
720575940627015196,720575940632043576,11.0
720575940627015196,720575940641480949,11.0
720575940627015196,720575940644726432,33.0
720575940627083397,720575940623579063,114.0
720575940627083397,720575940632472850,7.0
720575940627096957,720575940610669042,15.0
720575940627096957,720575940612054425,5.0
720575940627096957,720575940615537041,47.0
720575940627096957,720575940618089851,8.0
720575940627096957,720575940619191966,10.0
720575940627096957,720575940620304110,19.0
720575940627096957,720575940624504212,25.0
720575940627096957,720575940625345328,8.0
720575940627096957,720575940627218882,8.0
720575940627096957,720575940627490459,47.0
720575940627096957,720575940627812168,7.0
720575940627096957,720575940628635751,29.0
720575940627096957,720575940632043576,5.0
720575940627096957,720575940634453093,23.0
720575940627096957,720575940660314241,5.0
720575940627174404,720575940608431625,8.0
720575940627174404,720575940614710509,6.0
720575940627174404,720575940617492821,13.0
720575940627174404,720575940618932763,24.0
720575940627174404,720575940620943969,18.0
720575940627174404,720575940621277790,9.0
720575940627174404,720575940623203805,9.0
720575940627174404,720575940623764967,6.0
720575940627174404,720575940624472334,5.0
720575940627174404,720575940627111752,15.0
720575940627174404,720575940630311383,9.0
720575940627174404,720575940631842360,22.0
720575940627174404,720575940632472850,7.0
720575940627174404,720575940635967886,34.0
720575940627218882,720575940603533246,30.0
720575940627218882,720575940605214636,16.0
720575940627218882,720575940618342966,24.0
720575940627218882,720575940621148660,36.0
720575940627218882,720575940622657684,7.0
720575940627218882,720575940625345328,10.0
720575940627218882,720575940625780836,5.0
720575940627218882,720575940634453093,26.0
720575940627218882,720575940635330204,8.0
720575940627236629,720575940602534112,10.0
720575940627290108,720575940618969758,22.0
720575940627290108,720575940621277790,45.0
720575940627290108,720575940623764967,27.0
720575940627290108,720575940631842360,23.0
720575940627290108,720575940635967886,12.0
720575940627290108,720575940637569870,10.0
720575940627349860,720575940605758142,20.0
720575940627349860,720575940609282825,283.0
720575940627349860,720575940613583001,21.0
720575940627349860,720575940616486230,11.0
720575940627349860,720575940621551854,26.0
720575940627349860,720575940623650823,10.0
720575940627349860,720575940624330281,9.0
720575940627349860,720575940633294796,44.0
720575940627349860,720575940634545890,271.0
720575940627349860,720575940640803200,21.0
720575940627349860,720575940646576436,65.0
720575940627372290,720575940612843634,20.0
720575940627372290,720575940617560838,8.0
720575940627372290,720575940622829132,22.0
720575940627372290,720575940636879215,7.0
720575940627469394,720575940602380768,6.0
720575940627469394,720575940604783136,20.0
720575940627469394,720575940609957315,25.0
720575940627469394,720575940610332024,9.0
720575940627469394,720575940613527761,33.0
720575940627469394,720575940615541810,135.0
720575940627469394,720575940618574749,81.0
720575940627469394,720575940621875821,13.0
720575940627469394,720575940622188568,64.0
720575940627469394,720575940623484100,82.0
720575940627469394,720575940624986407,37.0
720575940627469394,720575940627096957,8.0
720575940627469394,720575940627585874,85.0
720575940627469394,720575940628125715,5.0
720575940627469394,720575940628370732,6.0
720575940627469394,720575940628954954,5.0
720575940627469394,720575940629584887,96.0
720575940627469394,720575940630160384,13.0
720575940627469394,720575940630907434,41.0
720575940627469394,720575940637471039,5.0
720575940627469394,720575940644467360,19.0
720575940627480586,720575940610048981,5.0
720575940627480586,720575940635468991,27.0
720575940627490459,720575940605095346,12.0
720575940627490459,720575940610669042,9.0
720575940627490459,720575940615541810,17.0
720575940627490459,720575940617044948,9.0
720575940627490459,720575940618342966,5.0
720575940627490459,720575940620304110,40.0
720575940627490459,720575940620835327,15.0
720575940627490459,720575940621148660,13.0
720575940627490459,720575940622657684,17.0
720575940627490459,720575940625345328,7.0
720575940627490459,720575940627015196,12.0
720575940627490459,720575940632043576,8.0
720575940627490459,720575940635330204,5.0
720575940627646026,720575940603533246,6.0
720575940627646026,720575940618342966,6.0
720575940627646026,720575940621148660,6.0
720575940627646026,720575940624227661,7.0
720575940627646026,720575940625345328,8.0
720575940627646026,720575940626243614,15.0
720575940627646026,720575940635330204,8.0
720575940627646026,720575940641629344,18.0
720575940627782148,720575940613583001,34.0
720575940627812168,720575940610677828,15.0
720575940627812168,720575940619530187,32.0
720575940627812168,720575940628998659,18.0
720575940627812168,720575940632722771,7.0
720575940627812168,720575940640589171,12.0
720575940627848196,720575940610505006,21.0
720575940627848196,720575940611644529,45.0
720575940627848196,720575940618932763,19.0
720575940627848196,720575940621000831,9.0
720575940627848196,720575940623579063,17.0
720575940627848196,720575940626243614,7.0
720575940627962844,720575940605095346,8.0
720575940627962844,720575940606111433,6.0
720575940627962844,720575940607775106,8.0
720575940627962844,720575940616611001,14.0
720575940627962844,720575940617044948,7.0
720575940627962844,720575940618342966,12.0
720575940627962844,720575940626052647,5.0
720575940627962844,720575940630086698,9.0
720575940627962844,720575940630749523,27.0
720575940627962844,720575940632998136,6.0
720575940627962844,720575940635831438,6.0
720575940627962844,720575940636871246,7.0
720575940627982469,720575940612843634,11.0
720575940627982469,720575940619185462,30.0
720575940627982469,720575940624789031,29.0
720575940627982469,720575940635898266,7.0
720575940628014391,720575940603533246,10.0
720575940628014391,720575940624504212,5.0
720575940628014391,720575940625345328,25.0
720575940628014391,720575940634453093,8.0
720575940628033944,720575940609825033,7.0
720575940628033944,720575940613099493,6.0
720575940628033944,720575940616611001,7.0
720575940628033944,720575940630258003,43.0
720575940628033944,720575940632580503,12.0
720575940628033944,720575940635330204,6.0
720575940628125339,720575940604783136,7.0
720575940628125339,720575940609673369,26.0
720575940628125339,720575940617044948,5.0
720575940628125339,720575940618129573,11.0
720575940628125339,720575940618342966,24.0
720575940628125339,720575940620304110,7.0
720575940628125339,720575940621148660,36.0
720575940628125339,720575940622657684,8.0
720575940628125339,720575940625345328,15.0
720575940628125339,720575940626052647,9.0
720575940628125339,720575940627015196,8.0
720575940628125339,720575940631447879,6.0
720575940628125339,720575940632043576,5.0
720575940628125339,720575940634453093,8.0
720575940628125339,720575940635330204,6.0
720575940628125339,720575940637299172,9.0
720575940628125715,720575940610698052,5.0
720575940628125715,720575940618574749,28.0
720575940628125715,720575940621875821,14.0
720575940628125715,720575940637612974,5.0
720575940628125775,720575940602380768,6.0
720575940628125775,720575940605095346,21.0
720575940628125775,720575940618342966,19.0
720575940628125775,720575940620786431,12.0
720575940628125775,720575940620835327,8.0
720575940628125775,720575940621148660,12.0
720575940628125775,720575940627962844,5.0
720575940628125775,720575940630258003,7.0
720575940628125775,720575940630749523,6.0
720575940628125775,720575940630934595,11.0
720575940628125775,720575940635330204,7.0
720575940628125775,720575940635831438,10.0
720575940628129129,720575940612359343,8.0
720575940628129129,720575940615948610,86.0
720575940628129129,720575940623457535,55.0
720575940628129129,720575940624943084,5.0
720575940628129129,720575940628834151,7.0
720575940628132745,720575940637308605,5.0
720575940628200551,720575940605095346,15.0
720575940628200551,720575940608336514,87.0
720575940628200551,720575940608431625,7.0
720575940628200551,720575940611644529,5.0
720575940628200551,720575940613087218,47.0
720575940628200551,720575940618969758,6.0
720575940628200551,720575940620835327,24.0
720575940628200551,720575940621555603,9.0
720575940628200551,720575940622208695,5.0
720575940628200551,720575940626243614,10.0
720575940628200551,720575940626977947,8.0
720575940628200551,720575940627083397,8.0
720575940628200551,720575940627174404,11.0
720575940628200551,720575940628802888,14.0
720575940628200551,720575940630086698,30.0
720575940628200551,720575940630311383,38.0
720575940628200551,720575940633350812,24.0
720575940628200551,720575940635967886,50.0
720575940628306114,720575940639553920,28.0
720575940628306114,720575940641480949,24.0
720575940628345610,720575940640978048,5.0
720575940628370732,720575940610088883,15.0
720575940628370732,720575940613183717,5.0
720575940628370732,720575940614710509,9.0
720575940628370732,720575940616538944,13.0
720575940628370732,720575940617371732,8.0
720575940628370732,720575940618263174,15.0
720575940628370732,720575940620866036,46.0
720575940628370732,720575940623090446,6.0
720575940628370732,720575940623688119,18.0
720575940628370732,720575940624134296,41.0
720575940628370732,720575940627218882,27.0
720575940628370732,720575940627939177,7.0
720575940628370732,720575940628125339,36.0
720575940628370732,720575940631328738,14.0
720575940628370732,720575940632998136,8.0
720575940628370732,720575940635863214,6.0
720575940628370732,720575940645497140,17.0
720575940628370732,720575940651593974,5.0
720575940628370732,720575940654490785,17.0
720575940628370732,720575940660314241,31.0
720575940628378440,720575940610679876,25.0
720575940628378440,720575940615671106,6.0
720575940628378440,720575940617568697,5.0
720575940628378440,720575940624484796,8.0
720575940628378440,720575940624966840,11.0
720575940628378440,720575940625737776,34.0
720575940628378440,720575940628998659,5.0
720575940628378440,720575940630580854,10.0
720575940628378440,720575940640589171,5.0
720575940628378440,720575940642449909,7.0
720575940628378440,720575940644726432,20.0
720575940628378440,720575940660224641,15.0
720575940628404227,720575940611644529,8.0
720575940628404227,720575940616101789,8.0
720575940628404227,720575940618089851,12.0
720575940628404227,720575940620835327,12.0
720575940628404227,720575940622208695,5.0
720575940628404227,720575940625345328,12.0
720575940628404227,720575940626243614,6.0
720575940628441862,720575940621065301,33.0
720575940628441862,720575940623426854,8.0
720575940628441862,720575940624943084,6.0
720575940628441862,720575940628998659,8.0
720575940628441862,720575940631705130,10.0
720575940628441862,720575940659860609,5.0
720575940628478449,720575940640469848,8.0
720575940628635751,720575940607749077,8.0
720575940628635751,720575940608336514,17.0
720575940628635751,720575940610505006,13.0
720575940628635751,720575940614710509,29.0
720575940628635751,720575940615723314,40.0
720575940628635751,720575940616019899,8.0
720575940628635751,720575940616101789,13.0
720575940628635751,720575940618969758,5.0
720575940628635751,720575940619109915,37.0
720575940628635751,720575940619191966,17.0
720575940628635751,720575940620537153,24.0
720575940628635751,720575940621000831,16.0
720575940628635751,720575940621277790,14.0
720575940628635751,720575940623203805,8.0
720575940628635751,720575940624140424,21.0
720575940628635751,720575940624336647,39.0
720575940628635751,720575940624472334,13.0
720575940628635751,720575940624504212,6.0
720575940628635751,720575940624574100,7.0
720575940628635751,720575940625345328,6.0
720575940628635751,720575940625766960,5.0
720575940628635751,720575940625779642,9.0
720575940628635751,720575940626295562,31.0
720575940628635751,720575940626977947,12.0
720575940628635751,720575940627111752,8.0
720575940628635751,720575940627174404,14.0
720575940628635751,720575940627290108,26.0
720575940628635751,720575940628802888,12.0
720575940628635751,720575940629192975,12.0
720575940628635751,720575940630246364,17.0
720575940628635751,720575940630311383,16.0
720575940628635751,720575940631842360,35.0
720575940628635751,720575940633350812,19.0
720575940628635751,720575940634704491,16.0
720575940628635751,720575940634751918,7.0
720575940628635751,720575940635926335,7.0
720575940628635751,720575940635967886,231.0
720575940628635751,720575940637218672,5.0
720575940628635751,720575940637569870,5.0
720575940628802888,720575940609073347,18.0
720575940628802888,720575940612054425,6.0
720575940628802888,720575940618129573,8.0
720575940628802888,720575940619130096,5.0
720575940628802888,720575940619188577,6.0
720575940628802888,720575940620622452,7.0
720575940628802888,720575940624227661,22.0
720575940628802888,720575940626295562,6.0
720575940628802888,720575940627290108,6.0
720575940628802888,720575940627962844,11.0
720575940628802888,720575940628200551,13.0
720575940628802888,720575940630086698,9.0
720575940628802888,720575940641629344,21.0
720575940628834151,720575940637308605,21.0
720575940628834151,720575940647755641,7.0
720575940628862268,720575940614815199,19.0
720575940628862268,720575940630937660,21.0
720575940628882450,720575940612202419,8.0
720575940628882450,720575940614047026,16.0
720575940628882450,720575940614662517,6.0
720575940628882450,720575940614956072,6.0
720575940628882450,720575940615437983,9.0
720575940628882450,720575940616891958,5.0
720575940628882450,720575940617470932,14.0
720575940628882450,720575940619173592,15.0
720575940628882450,720575940619420838,6.0
720575940628882450,720575940622139613,18.0
720575940628882450,720575940622213953,5.0
720575940628882450,720575940623321638,6.0
720575940628882450,720575940624977930,7.0
720575940628882450,720575940626326121,8.0
720575940628882450,720575940627349860,18.0
720575940628882450,720575940629244154,6.0
720575940628882450,720575940630037036,14.0
720575940628882450,720575940630255813,6.0
720575940628882450,720575940630859791,6.0
720575940628882450,720575940630909970,7.0
720575940628882450,720575940633936941,11.0
720575940628882450,720575940637966682,5.0
720575940628882450,720575940638673478,9.0
720575940628891396,720575940611772083,5.0
720575940628891396,720575940612036837,109.0
720575940628891396,720575940614730914,73.0
720575940628891396,720575940620300308,47.0
720575940628891396,720575940622473292,6.0
720575940628891396,720575940623478115,81.0
720575940628891396,720575940626993694,5.0
720575940628891396,720575940629123454,7.0
720575940628891396,720575940630334658,28.0
720575940628891396,720575940631705130,155.0
720575940628891396,720575940631959097,46.0
720575940628891396,720575940632722771,125.0
720575940628891396,720575940632936332,10.0
720575940628891396,720575940633293025,8.0
720575940628891396,720575940633316563,5.0
720575940628891396,720575940637612974,20.0
720575940628891396,720575940640978048,103.0
720575940628891396,720575940641480949,117.0
720575940628891396,720575940645047831,129.0
720575940628891396,720575940645352814,10.0
720575940628891396,720575940647228468,114.0
720575940628954954,720575940609957315,7.0
720575940628954954,720575940624986407,10.0
720575940629192975,720575940606111433,5.0
720575940629192975,720575940609387100,6.0
720575940629192975,720575940614710509,16.0
720575940629192975,720575940615930299,24.0
720575940629192975,720575940617492821,8.0
720575940629192975,720575940621849015,5.0
720575940629192975,720575940622917381,5.0
720575940629192975,720575940623688119,15.0
720575940629192975,720575940625887631,9.0
720575940629192975,720575940626002575,5.0
720575940629192975,720575940626246525,37.0
720575940629192975,720575940626381882,14.0
720575940629192975,720575940628200551,7.0
720575940629192975,720575940628370732,9.0
720575940629192975,720575940630258003,25.0
720575940629192975,720575940630749523,7.0
720575940629192975,720575940631842360,8.0
720575940629192975,720575940632998136,9.0
720575940629192975,720575940633714402,6.0
720575940629192975,720575940634751918,8.0
720575940629192975,720575940635749751,8.0
720575940629192975,720575940635831438,5.0
720575940629192975,720575940636030185,20.0
720575940629192975,720575940654490785,6.0
720575940629239934,720575940613527761,27.0
720575940629239934,720575940621875821,5.0
720575940629239934,720575940624897516,11.0
720575940629239934,720575940638803790,88.0
720575940629390123,720575940612359343,7.0
720575940629390123,720575940637308605,8.0
720575940629428215,720575940613527761,7.0
720575940629428215,720575940626952537,37.0
720575940629428215,720575940627096957,5.0
720575940629428215,720575940629701737,7.0
720575940629428215,720575940632936332,11.0
720575940629428215,720575940642449909,12.0
720575940629584887,720575940610332024,6.0
720575940629584887,720575940615541810,5.0
720575940629584887,720575940620304110,13.0
720575940629584887,720575940620866036,5.0
720575940629584887,720575940621148660,6.0
720575940629584887,720575940621242025,7.0
720575940629584887,720575940622401462,8.0
720575940629584887,720575940622657684,9.0
720575940629584887,720575940624134296,11.0
720575940629584887,720575940625345328,5.0
720575940629584887,720575940626052647,11.0
720575940629584887,720575940627218882,10.0
720575940629584887,720575940630907434,5.0
720575940629584887,720575940660314241,8.0
720575940629701737,720575940602879404,14.0
720575940629701737,720575940610669042,13.0
720575940629701737,720575940612054425,13.0
720575940629701737,720575940614026390,5.0
720575940629701737,720575940615537041,46.0
720575940629701737,720575940618089851,9.0
720575940629701737,720575940618932763,57.0
720575940629701737,720575940619130096,31.0
720575940629701737,720575940619191966,10.0
720575940629701737,720575940621555603,8.0
720575940629701737,720575940624504212,8.0
720575940629701737,720575940624537284,6.0
720575940629701737,720575940625345328,19.0
720575940629701737,720575940626381882,5.0
720575940629701737,720575940627490459,9.0
720575940629701737,720575940628635751,22.0
720575940629701737,720575940631328738,5.0
720575940629701737,720575940632043320,34.0
720575940629837563,720575940610698052,20.0
720575940629837563,720575940611756723,15.0
720575940629837563,720575940624377323,16.0
720575940629837563,720575940625408333,11.0
720575940629861163,720575940616127931,20.0
720575940630086698,720575940608336514,9.0
720575940630086698,720575940610505006,23.0
720575940630086698,720575940615723314,10.0
720575940630086698,720575940621277790,20.0
720575940630086698,720575940623579063,6.0
720575940630086698,720575940624574100,50.0
720575940630086698,720575940625779642,78.0
720575940630086698,720575940627848196,36.0
720575940630086698,720575940631842360,5.0
720575940630095045,720575940610505006,30.0
720575940630095045,720575940615723314,68.0
720575940630095045,720575940617571997,13.0
720575940630095045,720575940621277790,6.0
720575940630095045,720575940624574100,28.0
720575940630095045,720575940625779642,17.0
720575940630095045,720575940627111752,9.0
720575940630095045,720575940627174404,14.0
720575940630095045,720575940627848196,25.0
720575940630095045,720575940630086698,22.0
720575940630095045,720575940631842360,49.0
720575940630095045,720575940632472850,7.0
720575940630095045,720575940634704491,15.0
720575940630095045,720575940635967886,8.0
720575940630095045,720575940637569870,7.0
720575940630160384,720575940618574749,48.0
720575940630160384,720575940621875821,9.0
720575940630160384,720575940627096957,121.0
720575940630160384,720575940629428215,39.0
720575940630160384,720575940629701737,19.0
720575940630160384,720575940631447879,8.0
720575940630162938,720575940611964330,36.0
720575940630162938,720575940621349797,33.0
720575940630162938,720575940622451197,34.0
720575940630164992,720575940608716809,211.0
720575940630164992,720575940613838289,175.0
720575940630164992,720575940615790658,56.0
720575940630164992,720575940617492821,11.0
720575940630164992,720575940618574749,32.0
720575940630164992,720575940621902085,36.0
720575940630164992,720575940622485981,19.0
720575940630164992,720575940622917381,19.0
720575940630164992,720575940624126537,123.0
720575940630164992,720575940625146122,73.0
720575940630164992,720575940625454162,20.0
720575940630164992,720575940625809539,8.0
720575940630164992,720575940626592387,43.0
720575940630164992,720575940627096957,30.0
720575940630164992,720575940628125715,54.0
720575940630164992,720575940629701737,48.0
720575940630164992,720575940631469610,59.0
720575940630164992,720575940633228172,32.0
720575940630164992,720575940633293025,38.0
720575940630164992,720575940637218672,120.0
720575940630164992,720575940638803790,24.0
720575940630164992,720575940644467360,41.0
720575940630255813,720575940619173592,5.0
720575940630258003,720575940605095346,27.0
720575940630258003,720575940617044948,54.0
720575940630258003,720575940618342966,8.0
720575940630258003,720575940619188577,57.0
720575940630258003,720575940620835327,10.0
720575940630258003,720575940621148660,11.0
720575940630258003,720575940624504212,6.0
720575940630258003,720575940625780836,9.0
720575940630258003,720575940627962844,8.0
720575940630258003,720575940628033944,32.0
720575940630258003,720575940628125775,31.0
720575940630258003,720575940635330204,27.0
720575940630291767,720575940612036837,29.0
720575940630291767,720575940614730914,22.0
720575940630291767,720575940620300308,31.0
720575940630291767,720575940621065301,40.0
720575940630291767,720575940624537284,5.0
720575940630291767,720575940631959097,7.0
720575940630291767,720575940641480949,92.0
720575940630291767,720575940645047831,68.0
720575940630291767,720575940645352814,9.0
720575940630311383,720575940614710509,22.0
720575940630311383,720575940624986919,12.0
720575940630311383,720575940627083397,32.0
720575940630311383,720575940631842360,12.0
720575940630311383,720575940635967886,5.0
720575940630311383,720575940640978048,45.0
720575940630311383,720575940647228468,72.0
720575940630452388,720575940613583001,22.0
720575940630749523,720575940605095346,9.0
720575940630749523,720575940617044948,8.0
720575940630749523,720575940618129573,29.0
720575940630749523,720575940619188577,11.0
720575940630749523,720575940620835327,24.0
720575940630749523,720575940621242025,6.0
720575940630749523,720575940623688119,15.0
720575940630749523,720575940625345328,6.0
720575940630749523,720575940626052647,9.0
720575940630749523,720575940627962844,57.0
720575940630749523,720575940632998136,18.0
720575940630749523,720575940635330204,5.0
720575940630907434,720575940602380768,28.0
720575940630907434,720575940615541810,109.0
720575940630907434,720575940622042373,5.0
720575940630907434,720575940622188568,115.0
720575940630907434,720575940623090446,18.0
720575940630907434,720575940623484100,145.0
720575940630907434,720575940627585874,123.0
720575940630907434,720575940627939177,29.0
720575940630907434,720575940628125715,66.0
720575940630907434,720575940629584887,106.0
720575940630907434,720575940633401199,34.0
720575940630907434,720575940644467360,13.0
720575940630907434,720575940645497140,14.0
720575940630907434,720575940651593974,11.0
720575940630934595,720575940635863214,7.0
720575940630937660,720575940610076206,10.0
720575940630937660,720575940614815199,37.0
720575940630937660,720575940616450305,14.0
720575940630937660,720575940616695099,13.0
720575940630937660,720575940627184427,7.0
720575940631168057,720575940614730914,7.0
720575940631168057,720575940619191966,9.0
720575940631168057,720575940620300308,43.0
720575940631168057,720575940640978048,5.0
720575940631168057,720575940641480949,21.0
720575940631168057,720575940645047831,11.0
720575940631328738,720575940603533246,7.0
720575940631328738,720575940605214636,6.0
720575940631328738,720575940609073347,11.0
720575940631328738,720575940611864243,14.0
720575940631328738,720575940615528678,6.0
720575940631328738,720575940618342966,40.0
720575940631328738,720575940618932763,6.0
720575940631328738,720575940619109915,6.0
720575940631328738,720575940620183973,8.0
720575940631328738,720575940620622452,13.0
720575940631328738,720575940621148660,48.0
720575940631328738,720575940621555603,5.0
720575940631328738,720575940625345328,27.0
720575940631328738,720575940626592387,8.0
720575940631328738,720575940628404227,5.0
720575940631328738,720575940628802888,7.0
720575940631328738,720575940632381536,5.0
720575940631328738,720575940632985261,14.0
720575940631447879,720575940618574749,45.0
720575940631447879,720575940621875821,10.0
720575940631447879,720575940627096957,91.0
720575940631447879,720575940629428215,38.0
720575940631447879,720575940629701737,26.0
720575940631447879,720575940630160384,6.0
720575940631705130,720575940619191966,14.0
720575940631705130,720575940620300308,38.0
720575940631705130,720575940647228468,7.0
720575940631710604,720575940630311383,7.0
720575940631842360,720575940610505006,266.0
720575940631842360,720575940611644529,399.0
720575940631842360,720575940614518690,16.0
720575940631842360,720575940618932763,6.0
720575940631842360,720575940623579063,59.0
720575940631842360,720575940624472334,12.0
720575940631842360,720575940625779642,21.0
720575940631842360,720575940626243614,15.0
720575940631842360,720575940628635751,5.0
720575940631842360,720575940630086698,12.0
720575940631842360,720575940634704491,51.0
720575940631842360,720575940635967886,6.0
720575940631842360,720575940640945115,5.0
720575940631959097,720575940611772083,37.0
720575940631959097,720575940612036837,217.0
720575940631959097,720575940614730914,138.0
720575940631959097,720575940615671106,8.0
720575940631959097,720575940622473292,5.0
720575940631959097,720575940624484796,6.0
720575940631959097,720575940624897516,85.0
720575940631959097,720575940630334658,8.0
720575940631959097,720575940631705130,10.0
720575940631959097,720575940632722771,38.0
720575940631959097,720575940632936332,9.0
720575940631959097,720575940637612974,5.0
720575940631959097,720575940640589171,109.0
720575940631959097,720575940640978048,40.0
720575940631959097,720575940641480949,112.0
720575940631959097,720575940641585627,30.0
720575940631959097,720575940642449909,54.0
720575940631959097,720575940645047831,98.0
720575940631959097,720575940645352814,27.0
720575940631959097,720575940647029044,47.0
720575940631959097,720575940647228468,52.0
720575940632043320,720575940605095346,19.0
720575940632043320,720575940610669042,8.0
720575940632043320,720575940611644529,31.0
720575940632043320,720575940612054425,45.0
720575940632043320,720575940618089851,8.0
720575940632043320,720575940618342966,16.0
720575940632043320,720575940619130096,28.0
720575940632043320,720575940620835327,22.0
720575940632043320,720575940621000831,8.0
720575940632043320,720575940621148660,9.0
720575940632043320,720575940625345328,10.0
720575940632043320,720575940626243614,40.0
720575940632043320,720575940626592387,6.0
720575940632043320,720575940627015196,5.0
720575940632043320,720575940632043576,6.0
720575940632043320,720575940632985261,6.0
720575940632043320,720575940635330204,10.0
720575940632043576,720575940610679876,34.0
720575940632043576,720575940614730914,38.0
720575940632043576,720575940615671106,32.0
720575940632043576,720575940620537153,6.0
720575940632043576,720575940620714150,6.0
720575940632043576,720575940621065301,39.0
720575940632043576,720575940624816115,26.0
720575940632043576,720575940624943084,23.0
720575940632043576,720575940624986919,38.0
720575940632043576,720575940625561406,8.0
720575940632043576,720575940625641402,6.0
720575940632043576,720575940626993694,5.0
720575940632043576,720575940627015196,21.0
720575940632043576,720575940628441862,21.0
720575940632043576,720575940630291767,8.0
720575940632043576,720575940642449909,28.0
720575940632043576,720575940644758308,5.0
720575940632043576,720575940645047831,7.0
720575940632043576,720575940645352814,19.0
720575940632043576,720575940647755641,11.0
720575940632043576,720575940659860609,6.0
720575940632183121,720575940617570008,5.0
720575940632183121,720575940625339977,6.0
720575940632295751,720575940621662332,25.0
720575940632381536,720575940618932763,8.0
720575940632472850,720575940605095346,10.0
720575940632472850,720575940610669042,6.0
720575940632472850,720575940614710509,12.0
720575940632472850,720575940619191966,6.0
720575940632472850,720575940620943969,10.0
720575940632472850,720575940623203805,10.0
720575940632472850,720575940624897516,36.0
720575940632472850,720575940625226506,6.0
720575940632472850,720575940647029044,9.0
720575940632509711,720575940603636913,5.0
720575940632580503,720575940625779642,8.0
720575940632678099,720575940609387100,6.0
720575940632678099,720575940610450418,10.0
720575940632678099,720575940610505006,18.0
720575940632678099,720575940610669042,9.0
720575940632678099,720575940620537153,7.0
720575940632678099,720575940624336647,10.0
720575940632678099,720575940624472334,19.0
720575940632678099,720575940625345328,12.0
720575940632678099,720575940625779642,74.0
720575940632678099,720575940634704491,82.0
720575940632692051,720575940619173592,7.0
720575940632692051,720575940626482521,5.0
720575940632692051,720575940630255813,5.0
720575940632985261,720575940602879404,8.0
720575940632985261,720575940603533246,19.0
720575940632985261,720575940603636913,5.0
720575940632985261,720575940609522382,10.0
720575940632985261,720575940611644529,7.0
720575940632985261,720575940612054425,7.0
720575940632985261,720575940619130096,8.0
720575940632985261,720575940625345328,15.0
720575940632985261,720575940626381882,10.0
720575940632998136,720575940605095346,6.0
720575940632998136,720575940605214636,5.0
720575940632998136,720575940609673369,10.0
720575940632998136,720575940610332024,8.0
720575940632998136,720575940617044948,5.0
720575940632998136,720575940618129573,28.0
720575940632998136,720575940620304110,5.0
720575940632998136,720575940620835327,23.0
720575940632998136,720575940621242025,17.0
720575940632998136,720575940623688119,11.0
720575940632998136,720575940626052647,6.0
720575940632998136,720575940627962844,55.0
720575940632998136,720575940630749523,14.0
720575940632998591,720575940627384049,6.0
720575940632998591,720575940630037036,5.0
720575940632998591,720575940630084352,5.0
720575940632998591,720575940630859791,10.0
720575940632998591,720575940631710604,6.0
720575940632998591,720575940632183121,5.0
720575940633293025,720575940606633248,36.0
720575940633293025,720575940611772083,48.0
720575940633293025,720575940612036837,83.0
720575940633293025,720575940614730914,112.0
720575940633293025,720575940617530525,8.0
720575940633293025,720575940618574749,6.0
720575940633293025,720575940619530187,23.0
720575940633293025,720575940620300308,15.0
720575940633293025,720575940620714150,13.0
720575940633293025,720575940621835174,68.0
720575940633293025,720575940621875821,7.0
720575940633293025,720575940622027222,6.0
720575940633293025,720575940622473292,11.0
720575940633293025,720575940622616333,15.0
720575940633293025,720575940623478115,14.0
720575940633293025,720575940625182341,11.0
720575940633293025,720575940625641402,42.0
720575940633293025,720575940626279742,11.0
720575940633293025,720575940626952537,6.0
720575940633293025,720575940627001637,10.0
720575940633293025,720575940628441862,42.0
720575940633293025,720575940628891396,21.0
720575940633293025,720575940629239934,6.0
720575940633293025,720575940629428215,8.0
720575940633293025,720575940630291767,16.0
720575940633293025,720575940630334658,14.0
720575940633293025,720575940631168057,6.0
720575940633293025,720575940631705130,8.0
720575940633293025,720575940631959097,58.0
720575940633293025,720575940632722771,72.0
720575940633293025,720575940632936332,12.0
720575940633293025,720575940633316563,10.0
720575940633293025,720575940637612974,8.0
720575940633293025,720575940640486488,9.0
720575940633293025,720575940640589171,15.0
720575940633293025,720575940640978048,69.0
720575940633293025,720575940641480949,148.0
720575940633293025,720575940641585627,5.0
720575940633293025,720575940644758308,13.0
720575940633293025,720575940645047831,181.0
720575940633293025,720575940645352814,35.0
720575940633293025,720575940647228468,93.0
720575940633294796,720575940609282825,50.0
720575940633294796,720575940614956072,87.0
720575940633294796,720575940616486230,154.0
720575940633294796,720575940616566133,9.0
720575940633294796,720575940617917760,10.0
720575940633294796,720575940621551854,27.0
720575940633294796,720575940622574532,7.0
720575940633294796,720575940623650823,72.0
720575940633294796,720575940624330281,25.0
720575940633294796,720575940627349860,7.0
720575940633294796,720575940634545890,39.0
720575940633294796,720575940640803200,21.0
720575940633294796,720575940646576436,19.0
720575940633316307,720575940611531986,18.0
720575940633316307,720575940616353675,12.0
720575940633316307,720575940620017261,6.0
720575940633316307,720575940622478349,15.0
720575940633316307,720575940628345610,9.0
720575940633316307,720575940636552805,451.0
720575940633316307,720575940661338497,39.0
720575940633316563,720575940623478115,17.0
720575940633316563,720575940628891396,14.0
720575940633316563,720575940631705130,38.0
720575940633350812,720575940608431625,6.0
720575940633350812,720575940614518690,5.0
720575940633350812,720575940618089851,33.0
720575940633350812,720575940618932763,14.0
720575940633350812,720575940619569835,12.0
720575940633350812,720575940623579063,35.0
720575940633350812,720575940625779642,10.0
720575940633350812,720575940630246364,7.0
720575940633350812,720575940635967886,7.0
720575940633401199,720575940618342966,5.0
720575940633401199,720575940619188577,6.0
720575940633401199,720575940621148660,6.0
720575940633401199,720575940625345328,12.0
720575940633401199,720575940625780836,6.0
720575940633483444,720575940602879404,9.0
720575940633483444,720575940603533246,12.0
720575940633483444,720575940618342966,13.0
720575940633483444,720575940621148660,7.0
720575940633483444,720575940625345328,14.0
720575940633483444,720575940626243614,16.0
720575940633483444,720575940641629344,6.0
720575940633560545,720575940613583001,14.0
720575940633714402,720575940603533246,10.0
720575940633714402,720575940618932763,9.0
720575940633714402,720575940625345328,25.0
720575940633936941,720575940616891958,5.0
720575940633936941,720575940623321638,6.0
720575940633936941,720575940628934403,8.0
720575940633936941,720575940640935387,7.0
720575940634023961,720575940621902085,7.0
720575940634023961,720575940632648868,9.0
720575940634023961,720575940633228172,6.0
720575940634453093,720575940603533246,15.0
720575940634453093,720575940613099493,8.0
720575940634453093,720575940618129573,5.0
720575940634453093,720575940620304110,21.0
720575940634453093,720575940620537153,20.0
720575940634453093,720575940620786431,15.0
720575940634453093,720575940625780836,10.0
720575940634453093,720575940627015196,22.0
720575940634453093,720575940628370732,13.0
720575940634453093,720575940630160384,7.0
720575940634453093,720575940632043576,22.0
720575940634453093,720575940635831438,13.0
720575940634453093,720575940635863214,7.0
720575940634464869,720575940613583001,31.0
720575940634545890,720575940605758142,611.0
720575940634545890,720575940609282825,36.0
720575940634545890,720575940609891886,7.0
720575940634545890,720575940614956072,73.0
720575940634545890,720575940616486230,116.0
720575940634545890,720575940621551854,26.0
720575940634545890,720575940622360358,6.0
720575940634545890,720575940622574532,5.0
720575940634545890,720575940623650823,20.0
720575940634545890,720575940624330281,11.0
720575940634545890,720575940627349860,32.0
720575940634545890,720575940633294796,307.0
720575940634545890,720575940634710629,9.0
720575940634545890,720575940640803200,639.0
720575940634545890,720575940646576436,417.0
720575940634704491,720575940621000831,9.0
720575940634704491,720575940623203805,13.0
720575940634704491,720575940631842360,5.0
720575940634704491,720575940636593550,6.0
720575940634710629,720575940605758142,6.0
720575940634710629,720575940609190866,10.0
720575940634710629,720575940609282825,6.0
720575940634710629,720575940611343054,16.0
720575940634710629,720575940611503509,9.0
720575940634710629,720575940612202419,6.0
720575940634710629,720575940612619431,7.0
720575940634710629,720575940613583001,6.0
720575940634710629,720575940614043699,12.0
720575940634710629,720575940614047026,6.0
720575940634710629,720575940614662517,7.0
720575940634710629,720575940614956072,21.0
720575940634710629,720575940615000426,9.0
720575940634710629,720575940615255993,18.0
720575940634710629,720575940615437983,10.0
720575940634710629,720575940616486230,16.0
720575940634710629,720575940616891958,20.0
720575940634710629,720575940617321243,16.0
720575940634710629,720575940617470932,6.0
720575940634710629,720575940617493460,8.0
720575940634710629,720575940617570008,7.0
720575940634710629,720575940617571997,5.0
720575940634710629,720575940618198721,11.0
720575940634710629,720575940619090785,9.0
720575940634710629,720575940619173592,11.0
720575940634710629,720575940619197366,18.0
720575940634710629,720575940619420838,8.0
720575940634710629,720575940620121223,5.0
720575940634710629,720575940620124028,7.0
720575940634710629,720575940620576609,5.0
720575940634710629,720575940621071203,15.0
720575940634710629,720575940621292726,5.0
720575940634710629,720575940621504269,9.0
720575940634710629,720575940621551854,11.0
720575940634710629,720575940621822043,21.0
720575940634710629,720575940621864965,26.0
720575940634710629,720575940622027527,18.0
720575940634710629,720575940622139613,7.0
720575940634710629,720575940622213953,15.0
720575940634710629,720575940622890509,10.0
720575940634710629,720575940623288467,14.0
720575940634710629,720575940623321638,10.0
720575940634710629,720575940623360440,5.0
720575940634710629,720575940623465098,6.0
720575940634710629,720575940623650823,20.0
720575940634710629,720575940624330281,16.0
720575940634710629,720575940624527091,15.0
720575940634710629,720575940624977930,12.0
720575940634710629,720575940625292606,6.0
720575940634710629,720575940625339977,33.0
720575940634710629,720575940625377688,18.0
720575940634710629,720575940625681681,5.0
720575940634710629,720575940625898121,5.0
720575940634710629,720575940626326121,22.0
720575940634710629,720575940626482521,7.0
720575940634710629,720575940626792025,11.0
720575940634710629,720575940627349860,6.0
720575940634710629,720575940627384049,11.0
720575940634710629,720575940627782148,8.0
720575940634710629,720575940628792323,6.0
720575940634710629,720575940628882450,10.0
720575940634710629,720575940628934403,7.0
720575940634710629,720575940629244154,6.0
720575940634710629,720575940630037036,5.0
720575940634710629,720575940630084352,6.0
720575940634710629,720575940630255813,20.0
720575940634710629,720575940630452388,6.0
720575940634710629,720575940630859791,18.0
720575940634710629,720575940630909970,9.0
720575940634710629,720575940631710604,10.0
720575940634710629,720575940632183121,12.0
720575940634710629,720575940632692051,7.0
720575940634710629,720575940632998591,31.0
720575940634710629,720575940633560545,14.0
720575940634710629,720575940633936941,15.0
720575940634710629,720575940634464869,22.0
720575940634710629,720575940634545890,8.0
720575940634710629,720575940635059551,8.0
720575940634710629,720575940635468991,8.0
720575940634710629,720575940635604581,13.0
720575940634710629,720575940636364133,15.0
720575940634710629,720575940636605530,6.0
720575940634710629,720575940637067888,7.0
720575940634710629,720575940637300708,6.0
720575940634710629,720575940637326967,8.0
720575940634710629,720575940637949161,28.0
720575940634710629,720575940637966682,5.0
720575940634710629,720575940638673478,9.0
720575940634710629,720575940640935387,5.0
720575940634710629,720575940644607854,10.0
720575940634710629,720575940644623396,12.0
720575940634710629,720575940646576436,24.0
720575940634710629,720575940659760769,13.0
720575940634751918,720575940610505006,17.0
720575940634751918,720575940611644529,10.0
720575940634751918,720575940615723314,149.0
720575940634751918,720575940616019899,5.0
720575940634751918,720575940623579063,16.0
720575940634751918,720575940623764967,5.0
720575940634751918,720575940624574100,27.0
720575940634751918,720575940625779642,27.0
720575940634751918,720575940627111752,15.0
720575940634751918,720575940627174404,27.0
720575940634751918,720575940627848196,21.0
720575940634751918,720575940630086698,26.0
720575940634751918,720575940631842360,95.0
720575940634751918,720575940634704491,15.0
720575940634751918,720575940635967886,15.0
720575940634751918,720575940637569870,5.0
720575940635059551,720575940623203805,6.0
720575940635330204,720575940602380768,15.0
720575940635330204,720575940602879404,6.0
720575940635330204,720575940605095346,23.0
720575940635330204,720575940609073347,20.0
720575940635330204,720575940609825033,5.0
720575940635330204,720575940610088883,8.0
720575940635330204,720575940610669042,5.0
720575940635330204,720575940611644529,11.0
720575940635330204,720575940612054425,15.0
720575940635330204,720575940613099493,14.0
720575940635330204,720575940613183717,20.0
720575940635330204,720575940614026390,10.0
720575940635330204,720575940614710509,20.0
720575940635330204,720575940617044948,22.0
720575940635330204,720575940618089851,12.0
720575940635330204,720575940618129573,39.0
720575940635330204,720575940618342966,13.0
720575940635330204,720575940619130096,72.0
720575940635330204,720575940619188577,53.0
720575940635330204,720575940620304110,18.0
720575940635330204,720575940620537153,8.0
720575940635330204,720575940620622452,52.0
720575940635330204,720575940620835327,14.0
720575940635330204,720575940620866036,5.0
720575940635330204,720575940621148660,6.0
720575940635330204,720575940621555603,125.0
720575940635330204,720575940624134296,30.0
720575940635330204,720575940624227661,45.0
720575940635330204,720575940624504212,52.0
720575940635330204,720575940625345328,20.0
720575940635330204,720575940625780836,24.0
720575940635330204,720575940626052647,72.0
720575940635330204,720575940626243614,24.0
720575940635330204,720575940626381882,28.0
720575940635330204,720575940627015196,5.0
720575940635330204,720575940627218882,15.0
720575940635330204,720575940627646026,15.0
720575940635330204,720575940627962844,26.0
720575940635330204,720575940628033944,77.0
720575940635330204,720575940628125775,56.0
720575940635330204,720575940628370732,5.0
720575940635330204,720575940628404227,6.0
720575940635330204,720575940630258003,9.0
720575940635330204,720575940632985261,7.0
720575940635330204,720575940633401199,30.0
720575940635330204,720575940633483444,13.0
720575940635330204,720575940635831438,28.0
720575940635330204,720575940635863214,41.0
720575940635330204,720575940636030185,8.0
720575940635330204,720575940637299172,113.0
720575940635330204,720575940640945115,13.0
720575940635330204,720575940641629344,29.0
720575940635330204,720575940651593974,26.0
720575940635330204,720575940660314241,21.0
720575940635468991,720575940610048981,9.0
720575940635468991,720575940617470932,18.0
720575940635468991,720575940617493460,11.0
720575940635468991,720575940620068518,6.0
720575940635468991,720575940620576609,5.0
720575940635468991,720575940624977930,17.0
720575940635468991,720575940625681681,9.0
720575940635468991,720575940627480586,16.0
720575940635468991,720575940635059551,5.0
720575940635468991,720575940637966682,148.0
720575940635468991,720575940638673478,6.0
720575940635468991,720575940640398477,11.0
720575940635468991,720575940644623396,9.0
720575940635604581,720575940605758142,6.0
720575940635604581,720575940611503509,11.0
720575940635604581,720575940612202419,8.0
720575940635604581,720575940612619431,17.0
720575940635604581,720575940613583001,8.0
720575940635604581,720575940614043699,25.0
720575940635604581,720575940614956072,22.0
720575940635604581,720575940615000426,7.0
720575940635604581,720575940615255993,8.0
720575940635604581,720575940615437983,5.0
720575940635604581,720575940616486230,13.0
720575940635604581,720575940616891958,25.0
720575940635604581,720575940617493460,13.0
720575940635604581,720575940619173592,20.0
720575940635604581,720575940619197366,12.0
720575940635604581,720575940619420838,14.0
720575940635604581,720575940620121223,5.0
720575940635604581,720575940621551854,10.0
720575940635604581,720575940621822043,16.0
720575940635604581,720575940622027527,12.0
720575940635604581,720575940622139613,20.0
720575940635604581,720575940622213953,8.0
720575940635604581,720575940622890509,11.0
720575940635604581,720575940623288467,12.0
720575940635604581,720575940623321638,10.0
720575940635604581,720575940623465098,19.0
720575940635604581,720575940623650823,26.0
720575940635604581,720575940624330281,22.0
720575940635604581,720575940624977930,11.0
720575940635604581,720575940625339977,5.0
720575940635604581,720575940625681681,11.0
720575940635604581,720575940626326121,35.0
720575940635604581,720575940626482521,11.0
720575940635604581,720575940626792025,11.0
720575940635604581,720575940627349860,5.0
720575940635604581,720575940627384049,8.0
720575940635604581,720575940628934403,9.0
720575940635604581,720575940629244154,8.0
720575940635604581,720575940630037036,10.0
720575940635604581,720575940630255813,15.0
720575940635604581,720575940630859791,20.0
720575940635604581,720575940630909970,7.0
720575940635604581,720575940631710604,7.0
720575940635604581,720575940631842360,11.0
720575940635604581,720575940632183121,7.0
720575940635604581,720575940632692051,14.0
720575940635604581,720575940632998591,24.0
720575940635604581,720575940633936941,23.0
720575940635604581,720575940634545890,7.0
720575940635604581,720575940634710629,15.0
720575940635604581,720575940635059551,20.0
720575940635604581,720575940637067888,15.0
720575940635604581,720575940637300708,9.0
720575940635604581,720575940637326967,9.0
720575940635604581,720575940637966682,7.0
720575940635604581,720575940638673478,7.0
720575940635604581,720575940640935387,6.0
720575940635604581,720575940646576436,19.0
720575940635604581,720575940659760769,9.0
720575940635749751,720575940602879404,10.0
720575940635749751,720575940603533246,15.0
720575940635749751,720575940603636913,11.0
720575940635749751,720575940605214636,9.0
720575940635749751,720575940618342966,24.0
720575940635749751,720575940620622452,5.0
720575940635749751,720575940621148660,35.0
720575940635749751,720575940621555603,5.0
720575940635749751,720575940625345328,16.0
720575940635749751,720575940626243614,6.0
720575940635749751,720575940626592387,5.0
720575940635749751,720575940632985261,22.0
720575940635749751,720575940649809273,5.0
720575940635831438,720575940602380768,9.0
720575940635831438,720575940610088883,9.0
720575940635831438,720575940610505006,12.0
720575940635831438,720575940614710509,9.0
720575940635831438,720575940615930299,17.0
720575940635831438,720575940618263174,27.0
720575940635831438,720575940620866036,24.0
720575940635831438,720575940622510788,7.0
720575940635831438,720575940623090446,11.0
720575940635831438,720575940623688119,60.0
720575940635831438,720575940624134296,31.0
720575940635831438,720575940627218882,49.0
720575940635831438,720575940627349860,15.0
720575940635831438,720575940627939177,6.0
720575940635831438,720575940628014391,6.0
720575940635831438,720575940628125339,23.0
720575940635831438,720575940628370732,6.0
720575940635831438,720575940630258003,38.0
720575940635831438,720575940630749523,90.0
720575940635831438,720575940632509711,10.0
720575940635831438,720575940632998136,80.0
720575940635831438,720575940633401199,16.0
720575940635831438,720575940633714402,10.0
720575940635831438,720575940635749751,11.0
720575940635831438,720575940645497140,7.0
720575940635831438,720575940651593974,31.0
720575940635831438,720575940654490785,10.0
720575940635831438,720575940660314241,51.0
720575940635863214,720575940610332024,5.0
720575940635863214,720575940610505006,7.0
720575940635863214,720575940621457079,34.0
720575940635863214,720575940627349860,22.0
720575940635863214,720575940628014391,6.0
720575940635863214,720575940628370732,46.0
720575940635863214,720575940630907434,6.0
720575940635863214,720575940635330204,24.0
720575940635863214,720575940635831438,57.0
720575940635898266,720575940612843634,9.0
720575940635926335,720575940608431625,12.0
720575940635926335,720575940617492821,11.0
720575940635926335,720575940620943969,32.0
720575940635926335,720575940623203805,37.0
720575940635926335,720575940627111752,15.0
720575940635926335,720575940631842360,86.0
720575940635926335,720575940632472850,18.0
720575940635926335,720575940635967886,18.0
720575940635926335,720575940637569870,10.0
720575940635967886,720575940615723314,9.0
720575940635967886,720575940617492821,18.0
720575940635967886,720575940618932763,5.0
720575940635967886,720575940620943969,102.0
720575940635967886,720575940623579063,10.0
720575940635967886,720575940625226506,8.0
720575940635967886,720575940626977947,5.0
720575940635967886,720575940627083397,7.0
720575940635967886,720575940627174404,7.0
720575940635967886,720575940630311383,10.0
720575940635967886,720575940631842360,85.0
720575940635967886,720575940632472850,14.0
720575940636030185,720575940602879404,30.0
720575940636030185,720575940603533246,27.0
720575940636030185,720575940603636913,15.0
720575940636030185,720575940605214636,10.0
720575940636030185,720575940612054425,6.0
720575940636030185,720575940618342966,47.0
720575940636030185,720575940620622452,5.0
720575940636030185,720575940621148660,33.0
720575940636030185,720575940621555603,6.0
720575940636030185,720575940625345328,10.0
720575940636030185,720575940626243614,10.0
720575940636030185,720575940632985261,24.0
720575940636030185,720575940635330204,14.0
720575940636030185,720575940649809273,6.0
720575940636364133,720575940613583001,21.0
720575940636552805,720575940611531986,14.0
720575940636552805,720575940615671106,5.0
720575940636552805,720575940616353675,12.0
720575940636552805,720575940622478349,10.0
720575940636552805,720575940633316307,455.0
720575940636552805,720575940660224641,6.0
720575940636552805,720575940661338497,35.0
720575940636593550,720575940607749077,8.0
720575940636593550,720575940608431625,5.0
720575940636593550,720575940614518690,6.0
720575940636593550,720575940615723314,11.0
720575940636593550,720575940623203805,7.0
720575940636593550,720575940623579063,12.0
720575940636593550,720575940624336647,6.0
720575940636593550,720575940626002575,6.0
720575940636593550,720575940627083397,29.0
720575940636593550,720575940627174404,20.0
720575940636593550,720575940631842360,6.0
720575940636593550,720575940637569870,6.0
720575940636605530,720575940613583001,23.0
720575940636879215,720575940612843634,6.0
720575940636879215,720575940622829132,5.0
720575940637067888,720575940628882450,5.0
720575940637218672,720575940609387100,5.0
720575940637218672,720575940615537041,6.0
720575940637299172,720575940605095346,18.0
720575940637299172,720575940606111433,6.0
720575940637299172,720575940613183717,5.0
720575940637299172,720575940616611001,8.0
720575940637299172,720575940619109915,9.0
720575940637299172,720575940620304110,7.0
720575940637299172,720575940620835327,17.0
720575940637299172,720575940621457079,5.0
720575940637299172,720575940623203805,6.0
720575940637299172,720575940624336647,13.0
720575940637299172,720575940626052647,5.0
720575940637299172,720575940627962844,5.0
720575940637299172,720575940630086698,19.0
720575940637299172,720575940631842360,8.0
720575940637299172,720575940635831438,11.0
720575940637299172,720575940636871246,25.0
720575940637300708,720575940623203805,5.0
720575940637308605,720575940627096957,26.0
720575940637308605,720575940628132745,10.0
720575940637308605,720575940629701737,5.0
720575940637308605,720575940649809273,13.0
720575940637471039,720575940605214636,8.0
720575940637471039,720575940609073347,9.0
720575940637471039,720575940618932763,5.0
720575940637471039,720575940621242025,12.0
720575940637471039,720575940621555603,8.0
720575940637471039,720575940624134296,11.0
720575940637471039,720575940624227661,23.0
720575940637471039,720575940624504212,17.0
720575940637471039,720575940625146122,8.0
720575940637471039,720575940625780836,7.0
720575940637471039,720575940626052647,7.0
720575940637471039,720575940626243614,6.0
720575940637471039,720575940627490459,19.0
720575940637471039,720575940627962844,6.0
720575940637471039,720575940634453093,13.0
720575940637471039,720575940635330204,8.0
720575940637471039,720575940641629344,14.0
720575940637569870,720575940623203805,31.0
720575940637569870,720575940631842360,49.0
720575940637569870,720575940632472850,5.0
720575940637612974,720575940613527761,5.0
720575940637612974,720575940614730914,5.0
720575940637612974,720575940618574749,14.0
720575940637612974,720575940624816115,26.0
720575940637612974,720575940626952537,5.0
720575940637612974,720575940627096957,5.0
720575940637612974,720575940633293025,22.0
720575940637612974,720575940641585627,10.0
720575940637612974,720575940642449909,16.0
720575940637755507,720575940618932763,5.0
720575940637755507,720575940620943969,9.0
720575940637755507,720575940622485981,6.0
720575940637755507,720575940623203805,23.0
720575940637755507,720575940631842360,23.0
720575940637949161,720575940613583001,24.0
720575940637966682,720575940635468991,8.0
720575940638673478,720575940631842360,17.0
720575940638803790,720575940613527761,15.0
720575940638803790,720575940618574749,20.0
720575940638803790,720575940621065301,56.0
720575940638803790,720575940621875821,10.0
720575940638803790,720575940624537284,6.0
720575940638803790,720575940626993694,28.0
720575940638803790,720575940629239934,40.0
720575940638803790,720575940629428215,38.0
720575940638803790,720575940633293025,9.0
720575940639169597,720575940608716809,11.0
720575940639169597,720575940609957315,6.0
720575940639169597,720575940613527761,5.0
720575940639169597,720575940622042373,7.0
720575940639169597,720575940624986407,5.0
720575940639169597,720575940628125715,7.0
720575940639169597,720575940628635751,5.0
720575940639169597,720575940628954954,7.0
720575940639169597,720575940638803790,5.0
720575940639169597,720575940644467360,12.0
720575940639553920,720575940610677828,13.0
720575940639553920,720575940614730914,61.0
720575940639553920,720575940621065301,22.0
720575940639553920,720575940622624214,7.0
720575940639553920,720575940624537284,7.0
720575940639553920,720575940624816115,45.0
720575940639553920,720575940624966840,67.0
720575940639553920,720575940624986919,23.0
720575940639553920,720575940625561406,7.0
720575940639553920,720575940626993694,7.0
720575940639553920,720575940627812168,10.0
720575940639553920,720575940628306114,10.0
720575940639553920,720575940629123454,11.0
720575940639553920,720575940629239934,47.0
720575940639553920,720575940659860609,25.0
720575940639553920,720575940661335681,79.0
720575940639680957,720575940635468991,32.0
720575940639789731,720575940616695099,7.0
720575940639789731,720575940625440019,6.0
720575940639789731,720575940641263312,14.0
720575940640398477,720575940635468991,19.0
720575940640469848,720575940612036837,10.0
720575940640469848,720575940621065301,7.0
720575940640469848,720575940621662332,20.0
720575940640486488,720575940611772083,5.0
720575940640486488,720575940612036837,42.0
720575940640486488,720575940614730914,7.0
720575940640486488,720575940620091294,9.0
720575940640486488,720575940620300308,17.0
720575940640486488,720575940626952537,5.0
720575940640486488,720575940627001637,40.0
720575940640486488,720575940630334658,19.0
720575940640486488,720575940631705130,14.0
720575940640486488,720575940645352814,23.0
720575940640589171,720575940618574749,5.0
720575940640589171,720575940623426854,15.0
720575940640589171,720575940623478115,7.0
720575940640589171,720575940624943084,6.0
720575940640589171,720575940627812168,57.0
720575940640589171,720575940628998659,6.0
720575940640589171,720575940629239934,7.0
720575940640589171,720575940631168057,6.0
720575940640589171,720575940631959097,5.0
720575940640589171,720575940632936332,8.0
720575940640589171,720575940633316307,5.0
720575940640589171,720575940633316563,13.0
720575940640589171,720575940636552805,5.0
720575940640589171,720575940659860609,9.0
720575940640597237,720575940602879404,30.0
720575940640597237,720575940609073347,22.0
720575940640597237,720575940610332024,9.0
720575940640597237,720575940613183717,5.0
720575940640597237,720575940618129573,11.0
720575940640597237,720575940618932763,29.0
720575940640597237,720575940619188577,6.0
720575940640597237,720575940620622452,16.0
720575940640597237,720575940620866036,9.0
720575940640597237,720575940621242025,8.0
720575940640597237,720575940621555603,31.0
720575940640597237,720575940624134296,11.0
720575940640597237,720575940624227661,19.0
720575940640597237,720575940625780836,18.0
720575940640597237,720575940626052647,24.0
720575940640597237,720575940626243614,22.0
720575940640597237,720575940627015196,9.0
720575940640597237,720575940627218882,11.0
720575940640597237,720575940627962844,21.0
720575940640597237,720575940628125339,8.0
720575940640597237,720575940634453093,16.0
720575940640597237,720575940637299172,15.0
720575940640597237,720575940640945115,6.0
720575940640597237,720575940641629344,33.0
720575940640616253,720575940622917381,16.0
720575940640616253,720575940623579063,35.0
720575940640803200,720575940605758142,7.0
720575940640803200,720575940609282825,174.0
720575940640803200,720575940614956072,56.0
720575940640803200,720575940616486230,128.0
720575940640803200,720575940621551854,28.0
720575940640803200,720575940623650823,32.0
720575940640803200,720575940624330281,45.0
720575940640803200,720575940627349860,9.0
720575940640803200,720575940633294796,59.0
720575940640803200,720575940634545890,167.0
720575940640803200,720575940646576436,99.0
720575940640935387,720575940619420838,5.0
720575940640945115,720575940610505006,7.0
720575940640945115,720575940613099493,7.0
720575940640945115,720575940613183717,9.0
720575940640945115,720575940614710509,5.0
720575940640945115,720575940621457079,42.0
720575940640945115,720575940627349860,18.0
720575940640945115,720575940628370732,37.0
720575940640945115,720575940635330204,7.0
720575940640945115,720575940635831438,31.0
720575940640945115,720575940635863214,15.0
720575940640978048,720575940620714150,7.0
720575940640978048,720575940622027222,10.0
720575940640978048,720575940622917381,7.0
720575940640978048,720575940641480949,17.0
720575940640978048,720575940647228468,74.0
720575940641263312,720575940614815199,22.0
720575940641263312,720575940616695099,11.0
720575940641263312,720575940632317997,48.0
720575940641480949,720575940612036837,12.0
720575940641480949,720575940614730914,6.0
720575940641480949,720575940620300308,8.0
720575940641480949,720575940620714150,33.0
720575940641480949,720575940621835174,69.0
720575940641480949,720575940622027222,56.0
720575940641480949,720575940623478115,7.0
720575940641480949,720575940625641402,14.0
720575940641480949,720575940628891396,9.0
720575940641480949,720575940630291767,35.0
720575940641480949,720575940640978048,37.0
720575940641480949,720575940644758308,54.0
720575940641480949,720575940645047831,63.0
720575940641480949,720575940647228468,22.0
720575940641585627,720575940659860609,5.0
720575940641629344,720575940605095346,8.0
720575940641629344,720575940607749077,6.0
720575940641629344,720575940607775106,20.0
720575940641629344,720575940609073347,5.0
720575940641629344,720575940613707431,6.0
720575940641629344,720575940615930299,8.0
720575940641629344,720575940618089851,15.0
720575940641629344,720575940618342966,17.0
720575940641629344,720575940621148660,16.0
720575940641629344,720575940623203805,13.0
720575940641629344,720575940624227661,6.0
720575940641629344,720575940625809539,8.0
720575940641629344,720575940625887631,28.0
720575940641629344,720575940626002575,6.0
720575940641629344,720575940626243614,6.0
720575940641629344,720575940628802888,10.0
720575940641629344,720575940630086698,21.0
720575940641629344,720575940630095045,6.0
720575940641629344,720575940631842360,26.0
720575940641629344,720575940632472850,8.0
720575940641629344,720575940633350812,11.0
720575940641629344,720575940635330204,9.0
720575940641629344,720575940636871246,10.0
720575940643903904,720575940622485981,5.0
720575940643903904,720575940625146122,5.0
720575940643903904,720575940630164992,5.0
720575940644467360,720575940609957315,9.0
720575940644467360,720575940613527761,12.0
720575940644467360,720575940618574749,85.0
720575940644467360,720575940622042373,8.0
720575940644467360,720575940622473292,5.0
720575940644467360,720575940624986407,7.0
720575940644467360,720575940627096957,18.0
720575940644467360,720575940628125715,23.0
720575940644467360,720575940629428215,7.0
720575940644467360,720575940629701737,21.0
720575940644467360,720575940630907434,5.0
720575940644467360,720575940633293025,40.0
720575940644467360,720575940638803790,23.0
720575940644607854,720575940613583001,19.0
720575940644758308,720575940612036837,85.0
720575940644758308,720575940614730914,19.0
720575940644758308,720575940620300308,40.0
720575940644758308,720575940621065301,73.0
720575940644758308,720575940624537284,16.0
720575940644758308,720575940641480949,138.0
720575940644758308,720575940645047831,111.0
720575940644758308,720575940645352814,16.0
720575940645047831,720575940611772083,8.0
720575940645047831,720575940612036837,22.0
720575940645047831,720575940614730914,12.0
720575940645047831,720575940620300308,8.0
720575940645047831,720575940620714150,26.0
720575940645047831,720575940621835174,79.0
720575940645047831,720575940622027222,28.0
720575940645047831,720575940625641402,43.0
720575940645047831,720575940628891396,27.0
720575940645047831,720575940630291767,19.0
720575940645047831,720575940630334658,10.0
720575940645047831,720575940632722771,7.0
720575940645047831,720575940632936332,24.0
720575940645047831,720575940633293025,7.0
720575940645047831,720575940640978048,14.0
720575940645047831,720575940641480949,42.0
720575940645047831,720575940644758308,26.0
720575940645047831,720575940645352814,18.0
720575940645047831,720575940647228468,22.0
720575940645497140,720575940629584887,8.0
720575940646576436,720575940605758142,24.0
720575940646576436,720575940609282825,80.0
720575940646576436,720575940614956072,524.0
720575940646576436,720575940616486230,31.0
720575940646576436,720575940621551854,13.0
720575940646576436,720575940623650823,24.0
720575940646576436,720575940624330281,13.0
720575940646576436,720575940627349860,22.0
720575940646576436,720575940633294796,14.0
720575940646576436,720575940634545890,56.0
720575940646576436,720575940634710629,5.0
720575940646576436,720575940640803200,34.0
720575940647029044,720575940624897516,9.0
720575940647228468,720575940611772083,32.0
720575940647228468,720575940614730914,9.0
720575940647228468,720575940622473292,36.0
720575940647228468,720575940625641402,31.0
720575940647228468,720575940640978048,49.0
720575940647755641,720575940623457535,11.0
720575940647755641,720575940624943084,23.0
720575940648191876,720575940606633248,16.0
720575940648191876,720575940610679876,48.0
720575940648191876,720575940618574749,248.0
720575940648191876,720575940628998659,9.0
720575940648191876,720575940630580854,94.0
720575940648191876,720575940633293025,50.0
720575940648191876,720575940640589171,100.0
720575940648191876,720575940644726432,10.0
720575940649809273,720575940603533246,6.0
720575940649809273,720575940603636913,5.0
720575940649809273,720575940610088883,6.0
720575940649809273,720575940611644529,5.0
720575940649809273,720575940611864243,18.0
720575940649809273,720575940612054425,9.0
720575940649809273,720575940618342966,34.0
720575940649809273,720575940620537153,9.0
720575940649809273,720575940620622452,13.0
720575940649809273,720575940621148660,32.0
720575940649809273,720575940621555603,7.0
720575940649809273,720575940624504212,8.0
720575940649809273,720575940626243614,7.0
720575940649809273,720575940627015196,45.0
720575940649809273,720575940631328738,20.0
720575940649809273,720575940632043576,35.0
720575940649809273,720575940635749751,25.0
720575940651593974,720575940603533246,8.0
720575940651593974,720575940618342966,19.0
720575940651593974,720575940619188577,7.0
720575940651593974,720575940621148660,14.0
720575940651593974,720575940622657684,6.0
720575940651593974,720575940625345328,12.0
720575940654490785,720575940603636913,7.0
720575940654490785,720575940605214636,13.0
720575940654490785,720575940609073347,18.0
720575940654490785,720575940611864243,40.0
720575940654490785,720575940615930299,8.0
720575940654490785,720575940618089851,11.0
720575940654490785,720575940618342966,8.0
720575940654490785,720575940620622452,6.0
720575940654490785,720575940620835327,11.0
720575940654490785,720575940621148660,12.0
720575940654490785,720575940625345328,5.0
720575940654490785,720575940625887631,19.0
720575940654490785,720575940628404227,6.0
720575940654490785,720575940630086698,8.0
720575940654490785,720575940641629344,8.0
720575940654490785,720575940649809273,13.0
720575940659760769,720575940614047026,5.0
720575940659760769,720575940622027527,11.0
720575940659760769,720575940638673478,5.0
720575940659860609,720575940623457535,27.0
720575940659860609,720575940624943084,116.0
720575940660224641,720575940615671106,21.0
720575940660224641,720575940622624214,5.0
720575940660224641,720575940626993694,10.0
720575940660314241,720575940603533246,17.0
720575940660314241,720575940617044948,5.0
720575940660314241,720575940618342966,26.0
720575940660314241,720575940620537153,6.0
720575940660314241,720575940621148660,35.0
720575940660314241,720575940625345328,12.0
720575940660314241,720575940625780836,10.0
720575940660314241,720575940634453093,16.0
720575940660314241,720575940635330204,7.0
720575940661335681,720575940626068569,14.0
720575940661335681,720575940628345610,40.0
720575940661335681,720575940630937660,11.0
720575940661335681,720575940641480949,37.0
