source,target,synapse_count
10001,10010,1.0
10001,10052,1.0
10001,10078,1.0
10001,10091,5.0
10001,10106,9.0
10001,10117,8.0
10001,10128,12.0
10001,10143,6.0
10001,10146,1.0
10001,10150,1.0
10001,10151,1.0
10001,10173,4.0
10001,10180,14.0
10001,10184,2.0
10001,10246,15.0
10001,10257,2.0
10001,10277,5.0
10001,10283,18.0
10001,10297,1.0
10001,10315,3.0
10001,10402,1.0
10001,10434,3.0
10001,10440,1.0
10001,10570,1.0
10001,10580,8.0
10001,10584,9.0
10001,10588,1.0
10001,10649,1.0
10001,10654,1.0
10001,10671,7.0
10001,10728,5.0
10001,10841,2.0
10001,10923,10.0
10001,10924,8.0
10001,10925,3.0
10001,10937,1.0
10001,10957,2.0
10001,10992,1.0
10001,11101,1.0
10001,11133,13.0
10001,11205,3.0
10001,11257,1.0
10001,11272,2.0
10001,11334,2.0
10001,11353,1.0
10001,11361,5.0
10001,11391,23.0
10001,11397,4.0
10001,11431,3.0
10001,11462,1.0
10001,11507,1.0
10001,11572,9.0
10001,11687,1.0
10001,11761,3.0
10001,11782,4.0
10001,11826,1.0
10001,11832,3.0
10001,12041,6.0
10001,12053,1.0
10001,12129,1.0
10001,12184,1.0
10001,12215,2.0
10001,12275,3.0
10001,12419,1.0
10001,12614,2.0
10001,12628,9.0
10001,12771,1.0
10001,12857,1.0
10001,13114,3.0
10001,13122,4.0
10001,13256,4.0
10001,13263,1.0
10001,13317,13.0
10001,13578,2.0
10001,13600,1.0
10001,13654,3.0
10001,13794,1.0
10001,13815,2.0
10001,13825,5.0
10001,13919,2.0
10001,13995,1.0
10001,14017,1.0
10001,14091,2.0
10001,14113,1.0
10001,14277,1.0
10001,14379,1.0
10001,14387,4.0
10001,14419,2.0
10001,14502,1.0
10001,14573,1.0
10001,14863,15.0
10001,14899,7.0
10001,15261,1.0
10001,15291,2.0
10001,15323,1.0
10001,15331,1.0
10001,15336,1.0
10001,15414,3.0
10001,15514,1.0
10001,15559,1.0
10001,15639,1.0
10001,15665,4.0
10001,15733,2.0
10001,15792,1.0
10001,15959,1.0
10001,16445,6.0
10001,16459,2.0
10001,16482,1.0
10001,16542,11.0
10001,16628,1.0
10001,16644,2.0
10001,16855,3.0
10001,16931,1.0
10001,17144,8.0
10001,17284,1.0
10001,17322,1.0
10001,17416,2.0
10001,17527,1.0
10001,17584,1.0
10001,17616,2.0
10001,17757,4.0
10001,18090,2.0
10001,18111,1.0
10001,18133,1.0
10001,18705,2.0
10001,18716,2.0
10001,18940,1.0
10001,18957,3.0
10001,18959,1.0
10001,19634,1.0
10001,19668,1.0
10001,20269,1.0
10001,20338,2.0
10001,20535,1.0
10001,20831,4.0
10001,21151,1.0
10001,21251,1.0
10001,21336,1.0
10001,21548,1.0
10001,21562,1.0
10001,21641,1.0
10001,21804,1.0
10001,21813,1.0
10001,22034,2.0
10001,22309,1.0
10001,22328,1.0
10001,23590,1.0
10001,24115,7.0
10001,27620,3.0
10001,27950,1.0
10001,28620,1.0
10001,28663,1.0
10001,29523,1.0
10001,30465,1.0
10001,30480,1.0
10001,31334,1.0
10001,31440,1.0
10001,31784,3.0
10001,31964,1.0
10001,33474,3.0
10001,34869,3.0
10001,36102,3.0
10001,36717,2.0
10001,39064,1.0
10001,46221,2.0
10001,46961,3.0
10001,48633,3.0
10001,57245,4.0
10001,58284,2.0
10001,61011,3.0
10001,65465,10.0
10010,10001,1.0
10010,10078,1.0
10010,10091,15.0
10010,10106,90.0
10010,10128,4.0
10010,10146,1.0
10010,10246,18.0
10010,10257,2.0
10010,10277,1.0
10010,10283,2.0
10010,10315,2.0
10010,10576,1.0
10010,10580,19.0
10010,10671,1.0
10010,10992,8.0
10010,11133,4.0
10010,11272,10.0
10010,11361,3.0
10010,11391,14.0
10010,11572,8.0
10010,11826,4.0
10010,11832,1.0
10010,12053,4.0
10010,12614,4.0
10010,12628,5.0
10010,14899,14.0
10010,16482,3.0
10010,16931,2.0
10010,17584,1.0
10010,17757,3.0
10010,28663,2.0
10010,31334,3.0
10010,48633,12.0
10010,57245,6.0
10010,61011,1.0
10010,65465,8.0
10052,10106,4.0
10052,16628,12.0
10052,19634,3.0
10052,21151,1.0
10052,22328,2.0
10052,30480,1.0
10067,10078,7.0
10067,10451,3.0
10067,11015,2.0
10067,11507,2.0
10067,12275,3.0
10067,13263,3.0
10067,13654,1.0
10067,13825,2.0
10067,14017,15.0
10067,15514,1.0
10067,15733,1.0
10067,17284,1.0
10067,17757,1.0
10067,20269,2.0
10067,23590,6.0
10067,75080,1.0
10067,111999,1.0
10078,35852,2.0
10078,40996,2.0
10078,51117,3.0
10078,515278,1.0
10091,10001,74.0
10091,10010,214.0
10091,10146,2.0
10091,10151,6.0
10091,10173,1.0
10091,10180,1.0
10091,10184,23.0
10091,10257,4.0
10091,10283,96.0
10091,10315,5.0
10091,10580,66.0
10091,10584,2.0
10091,10588,2.0
10091,10728,4.0
10091,10923,1.0
10091,10992,10.0
10091,11133,28.0
10091,11205,1.0
10091,11257,5.0
10091,11272,3.0
10091,11334,12.0
10091,11353,2.0
10091,11361,10.0
10091,11507,2.0
10091,11687,1.0
10091,11826,10.0
10091,11832,15.0
10091,12041,2.0
10091,12184,1.0
10091,12215,2.0
10091,12275,5.0
10091,12405,15.0
10091,12628,9.0
10091,12771,1.0
10091,13256,2.0
10091,13815,6.0
10091,13995,3.0
10091,14017,1.0
10091,14899,6.0
10091,15959,1.0
10091,16445,1.0
10091,16482,8.0
10091,16931,3.0
10091,17144,10.0
10091,17322,1.0
10091,17616,3.0
10091,17757,44.0
10091,18133,1.0
10091,18940,26.0
10091,21641,1.0
10091,27620,3.0
10091,28663,18.0
10091,31334,41.0
10091,31440,1.0
10091,48633,17.0
10091,57245,29.0
10091,61011,26.0
10091,65465,2.0
10091,810029,4.0
10091,813858,1.0
10106,10001,5.0
10106,10010,108.0
10106,10184,18.0
10106,10246,9.0
10106,10315,6.0
10106,10584,2.0
10106,10671,6.0
10106,10923,31.0
10106,10957,1.0
10106,11133,1.0
10106,11205,4.0
10106,11334,1.0
10106,11391,1.0
10106,11572,2.0
10106,11782,5.0
10106,12053,2.0
10106,12129,1.0
10106,12405,20.0
10106,13114,2.0
10106,13794,2.0
10106,14387,1.0
10106,14899,2.0
10106,16931,9.0
10106,17144,1.0
10106,17757,37.0
10106,21804,1.0
10106,22034,1.0
10106,22328,1.0
10106,28663,8.0
10106,30480,3.0
10106,31334,1.0
10106,31362,6.0
10106,33474,3.0
10106,36102,2.0
10106,48633,5.0
10106,65465,2.0
10106,800014,1.0
10106,801577,1.0
10106,801984,5.0
10106,803420,6.0
10106,805966,1.0
10106,810081,1.0
10106,907684,1.0
10117,10001,1.0
10117,10052,13.0
10117,10106,2.0
10117,10146,4.0
10117,10283,1.0
10117,10315,31.0
10117,10584,4.0
10117,10671,2.0
10117,10923,55.0
10117,11011,17.0
10117,11133,8.0
10117,11205,13.0
10117,11334,1.0
10117,11361,5.0
10117,11397,5.0
10117,11572,4.0
10117,11782,2.0
10117,12041,1.0
10117,12053,3.0
10117,12129,2.0
10117,12215,1.0
10117,12614,19.0
10117,13600,1.0
10117,14277,4.0
10117,14899,7.0
10117,15323,1.0
10117,16931,23.0
10117,17757,151.0
10117,18940,1.0
10117,21128,1.0
10117,28663,15.0
10117,31334,1.0
10117,31362,10.0
10117,36102,1.0
10117,48633,7.0
10117,61011,6.0
10117,800014,1.0
10117,801943,4.0
10117,803420,28.0
10117,804978,8.0
10117,806128,2.0
10117,807678,3.0
10117,810029,1.0
10117,817729,1.0
10117,907684,5.0
10117,911199,8.0
10128,10001,77.0
10128,10010,88.0
10128,10052,24.0
10128,10106,76.0
10128,10117,157.0
10128,10143,1.0
10128,10146,56.0
10128,10246,12.0
10128,10257,50.0
10128,10277,53.0
10128,10283,8.0
10128,10570,7.0
10128,10584,21.0
10128,10728,31.0
10128,10923,1.0
10128,10925,14.0
10128,10957,1.0
10128,10992,1.0
10128,11391,1.0
10128,11397,31.0
10128,11507,2.0
10128,11572,16.0
10128,11782,5.0
10128,12053,10.0
10128,12129,3.0
10128,12614,66.0
10128,13114,3.0
10128,13263,2.0
10128,13578,1.0
10128,13600,5.0
10128,13825,2.0
10128,14277,14.0
10128,15261,31.0
10128,15323,13.0
10128,15331,1.0
10128,15336,15.0
10128,15665,3.0
10128,16445,1.0
10128,16644,14.0
10128,17284,1.0
10128,17527,21.0
10128,17584,11.0
10128,17616,1.0
10128,18716,1.0
10128,21641,2.0
10128,22309,1.0
10128,28620,3.0
10128,33474,30.0
10128,36717,1.0
10143,10001,1.0
10143,10052,1.0
10143,10128,3.0
10143,10150,1.0
10143,10283,1.0
10143,10297,1.0
10143,10925,3.0
10143,11011,1.0
10143,11101,1.0
10143,11272,2.0
10143,11361,1.0
10143,11391,1.0
10143,11397,3.0
10143,11462,1.0
10143,11572,1.0
10143,12053,2.0
10143,12129,2.0
10143,12857,4.0
10143,13600,1.0
10143,13654,1.0
10143,13825,2.0
10143,14277,1.0
10143,15331,3.0
10143,15336,4.0
10143,16855,1.0
10143,16983,1.0
10143,17527,2.0
10143,17584,1.0
10143,17616,2.0
10143,17757,1.0
10143,18090,1.0
10143,18716,3.0
10143,18959,2.0
10143,19634,1.0
10143,19668,10.0
10143,21251,2.0
10143,22309,1.0
10143,28620,1.0
10143,31440,1.0
10143,33474,1.0
10146,10001,3.0
10146,10010,41.0
10146,10091,1.0
10146,10106,2.0
10146,10257,19.0
10146,10277,41.0
10146,10297,1.0
10146,10584,2.0
10146,10923,1.0
10146,10925,1.0
10146,10992,2.0
10146,11272,1.0
10146,11361,2.0
10146,11397,2.0
10146,11826,1.0
10146,11832,2.0
10146,12184,5.0
10146,12215,3.0
10146,16445,1.0
10146,17616,1.0
10146,27620,1.0
10146,31440,1.0
10146,33474,1.0
10150,10001,1.0
10150,10957,1.0
10150,11687,1.0
10150,12184,1.0
10150,12628,1.0
10150,12771,1.0
10150,13317,10.0
10150,15514,3.0
10150,20831,5.0
10151,14063,1.0
10151,31334,1.0
10173,10001,116.0
10173,10010,4.0
10173,10106,5.0
10173,10257,2.0
10173,10277,7.0
10173,10283,99.0
10173,10297,7.0
10173,10580,1.0
10173,10584,160.0
10173,10588,5.0
10173,10728,1.0
10173,10923,86.0
10173,10937,1.0
10173,10957,2.0
10173,10992,3.0
10173,11101,2.0
10173,11133,12.0
10173,11257,6.0
10173,11272,6.0
10173,11334,37.0
10173,11353,49.0
10173,11361,16.0
10173,11507,13.0
10173,11687,17.0
10173,11826,17.0
10173,11832,20.0
10173,12041,30.0
10173,12184,5.0
10173,12215,50.0
10173,12275,6.0
10173,12419,22.0
10173,12628,14.0
10173,13256,7.0
10173,13794,6.0
10173,13815,1.0
10173,13825,28.0
10173,13995,3.0
10173,14091,2.0
10173,15665,4.0
10173,16445,3.0
10173,16459,26.0
10173,16482,1.0
10173,16855,20.0
10173,18090,1.0
10173,20269,4.0
10173,20338,7.0
10173,21813,12.0
10173,23590,1.0
10173,27620,6.0
10173,28620,3.0
10173,29523,18.0
10173,31784,9.0
10173,31964,2.0
10173,36717,5.0
10173,39064,10.0
10173,46221,1.0
10180,10001,2.0
10180,10091,54.0
10180,10151,64.0
10180,10283,4.0
10180,10440,226.0
10180,10580,39.0
10180,10584,3.0
10180,10588,1.0
10180,10649,5.0
10180,10671,26.0
10180,10689,1.0
10180,10992,8.0
10180,11011,2.0
10180,11133,54.0
10180,11272,2.0
10180,11334,84.0
10180,11353,1.0
10180,12041,4.0
10180,12184,29.0
10180,12215,6.0
10180,12419,35.0
10180,12628,53.0
10180,12771,3.0
10180,13263,1.0
10180,13578,3.0
10180,14793,1.0
10180,16445,6.0
10180,16983,3.0
10180,17284,20.0
10180,17416,3.0
10180,17757,1.0
10180,18940,1.0
10180,20338,1.0
10180,20831,1.0
10180,21641,2.0
10180,24115,1.0
10180,31334,3.0
10180,36102,3.0
10180,74105,3.0
10180,80419,5.0
10180,80724,11.0
10180,800014,4.0
10180,801143,16.0
10180,802444,1.0
10180,803126,3.0
10180,803702,3.0
10180,804185,1.0
10180,805849,18.0
10180,805963,3.0
10180,805966,20.0
10180,806465,10.0
10180,807245,4.0
10180,807678,2.0
10180,808085,7.0
10180,812693,2.0
10180,909325,6.0
10184,10091,1.0
10184,10143,15.0
10184,10180,1.0
10184,10283,3.0
10184,10297,1.0
10184,10434,7.0
10184,10580,2.0
10184,10588,54.0
10184,10649,4.0
10184,10923,1.0
10184,10924,1.0
10184,10957,10.0
10184,10992,1.0
10184,11205,1.0
10184,11272,51.0
10184,11334,18.0
10184,11353,41.0
10184,11507,1.0
10184,11826,1.0
10184,11832,5.0
10184,12041,5.0
10184,12053,2.0
10184,12184,2.0
10184,12215,1.0
10184,12419,6.0
10184,12628,1.0
10184,12771,2.0
10184,13815,3.0
10184,13919,16.0
10184,13995,1.0
10184,14017,8.0
10184,14091,1.0
10184,14387,1.0
10184,15414,2.0
10184,15665,7.0
10184,15733,1.0
10184,15792,2.0
10184,16931,2.0
10184,17144,63.0
10184,17284,1.0
10184,17616,1.0
10184,18133,21.0
10184,18705,1.0
10184,31440,12.0
10184,39064,1.0
10246,10001,114.0
10246,10010,129.0
10246,10052,1.0
10246,10078,3.0
10246,10106,52.0
10246,10117,88.0
10246,10128,24.0
10246,10146,15.0
10246,10257,15.0
10246,10277,30.0
10246,10283,2.0
10246,10297,1.0
10246,10580,16.0
10246,10584,27.0
10246,10728,2.0
10246,10923,119.0
10246,10925,13.0
10246,10957,12.0
10246,10992,4.0
10246,11133,8.0
10246,11391,63.0
10246,11397,18.0
10246,11572,86.0
10246,11782,2.0
10246,12053,5.0
10246,12129,23.0
10246,12184,114.0
10246,12215,53.0
10246,12614,50.0
10246,12857,1.0
10246,13114,6.0
10246,13578,2.0
10246,13600,19.0
10246,13825,58.0
10246,14091,1.0
10246,15261,5.0
10246,15323,1.0
10246,15331,3.0
10246,15336,10.0
10246,15414,1.0
10246,15665,4.0
10246,15959,1.0
10246,16445,4.0
10246,16482,5.0
10246,16644,8.0
10246,17527,5.0
10246,17584,1.0
10246,18111,2.0
10246,18716,2.0
10246,20338,16.0
10246,21128,4.0
10246,22309,4.0
10246,27620,4.0
10246,28620,14.0
10246,29523,22.0
10246,31784,36.0
10246,33474,1.0
10246,34869,7.0
10246,36717,28.0
10246,46221,16.0
10246,46376,1.0
10257,10001,19.0
10257,10010,3.0
10257,10128,1.0
10257,10146,2.0
10257,10173,1.0
10257,10277,5.0
10257,10283,14.0
10257,10584,10.0
10257,10728,24.0
10257,10992,3.0
10257,11272,3.0
10257,11361,4.0
10257,11572,1.0
10257,11832,2.0
10257,12215,1.0
10257,12628,2.0
10257,12857,2.0
10257,13600,1.0
10257,13995,1.0
10257,16482,2.0
10257,16855,12.0
10257,17144,3.0
10257,17584,1.0
10257,31440,2.0
10277,10001,1.0
10277,10010,28.0
10277,10117,1.0
10277,10146,41.0
10277,10257,14.0
10277,10297,1.0
10277,10728,3.0
10277,10923,2.0
10277,11361,6.0
10277,11391,1.0
10277,11397,4.0
10277,11826,1.0
10277,11832,1.0
10277,12129,1.0
10277,12184,1.0
10277,13794,1.0
10277,13825,1.0
10277,15665,1.0
10277,15733,2.0
10277,17284,1.0
10277,17616,1.0
10277,21151,1.0
10277,22309,1.0
10277,28620,1.0
10277,29523,2.0
10277,36717,1.0
10283,10001,143.0
10283,10010,12.0
10283,10091,51.0
10283,10106,3.0
10283,10117,3.0
10283,10146,39.0
10283,10173,6.0
10283,10184,101.0
10283,10257,4.0
10283,10277,40.0
10283,10297,13.0
10283,10315,2.0
10283,10580,6.0
10283,10584,64.0
10283,10588,1.0
10283,10671,2.0
10283,10728,8.0
10283,10923,40.0
10283,10925,3.0
10283,10937,1.0
10283,10957,1.0
10283,11101,1.0
10283,11133,16.0
10283,11205,1.0
10283,11257,1.0
10283,11272,3.0
10283,11334,7.0
10283,11353,4.0
10283,11361,8.0
10283,11397,1.0
10283,11431,1.0
10283,11462,1.0
10283,11507,1.0
10283,11572,1.0
10283,11826,1.0
10283,11832,10.0
10283,12041,13.0
10283,12053,4.0
10283,12129,1.0
10283,12184,7.0
10283,12215,15.0
10283,12275,2.0
10283,12405,2.0
10283,12419,3.0
10283,12628,53.0
10283,12857,1.0
10283,13114,1.0
10283,13122,1.0
10283,13256,2.0
10283,13263,1.0
10283,13794,1.0
10283,13815,3.0
10283,13825,1.0
10283,13919,4.0
10283,14017,1.0
10283,14091,1.0
10283,14899,74.0
10283,15323,1.0
10283,15414,5.0
10283,15665,5.0
10283,16445,6.0
10283,16855,1.0
10283,16931,1.0
10283,17144,5.0
10283,17284,1.0
10283,17616,7.0
10283,17757,139.0
10283,18133,2.0
10283,18940,150.0
10283,19668,1.0
10283,20338,6.0
10283,21548,2.0
10283,21641,1.0
10283,22309,2.0
10283,27620,7.0
10283,28620,1.0
10283,28663,96.0
10283,29523,2.0
10283,31334,32.0
10283,31362,16.0
10283,31440,3.0
10283,31784,1.0
10283,31964,1.0
10283,33474,4.0
10283,34869,1.0
10283,36717,2.0
10283,46221,1.0
10283,48633,55.0
10283,57245,2.0
10283,61011,28.0
10283,65465,10.0
10283,80419,1.0
10283,225466,3.0
10283,803126,1.0
10283,805849,1.0
10283,806128,1.0
10283,807678,1.0
10283,809034,2.0
10283,810029,2.0
10283,817729,1.0
10297,10001,161.0
10297,10106,19.0
10297,10117,32.0
10297,10146,73.0
10297,10173,2.0
10297,10277,79.0
10297,10283,329.0
10297,10580,4.0
10297,10584,449.0
10297,10588,4.0
10297,10728,1.0
10297,10841,7.0
10297,10923,305.0
10297,10925,50.0
10297,10957,84.0
10297,11101,1.0
10297,11133,25.0
10297,11334,6.0
10297,11353,1.0
10297,11397,1.0
10297,11431,1.0
10297,11507,1.0
10297,11687,3.0
10297,11761,1.0
10297,11826,63.0
10297,12041,9.0
10297,12129,1.0
10297,12184,14.0
10297,12215,5.0
10297,12275,2.0
10297,12419,2.0
10297,12628,32.0
10297,12857,1.0
10297,13114,1.0
10297,13794,1.0
10297,13825,3.0
10297,13919,13.0
10297,14017,11.0
10297,15414,1.0
10297,16445,2.0
10297,16459,1.0
10297,16628,5.0
10297,16855,13.0
10297,17527,1.0
10297,17616,2.0
10297,18133,6.0
10297,18705,6.0
10297,18716,1.0
10297,19634,1.0
10297,20269,2.0
10297,20338,4.0
10297,20535,1.0
10297,21151,3.0
10297,21251,5.0
10297,21336,3.0
10297,21548,1.0
10297,21804,2.0
10297,22034,2.0
10297,23590,3.0
10297,27620,8.0
10297,29523,12.0
10297,31440,1.0
10297,31964,3.0
10297,34869,4.0
10297,46221,5.0
10315,10001,159.0
10315,10010,165.0
10315,10052,1.0
10315,10091,19.0
10315,10106,3.0
10315,10117,10.0
10315,10146,1.0
10315,10277,1.0
10315,10283,14.0
10315,10580,33.0
10315,10584,14.0
10315,10588,1.0
10315,10923,145.0
10315,10992,10.0
10315,11133,35.0
10315,11205,4.0
10315,11257,1.0
10315,11272,1.0
10315,11334,10.0
10315,11361,3.0
10315,12041,13.0
10315,12184,8.0
10315,12215,1.0
10315,12275,2.0
10315,12628,29.0
10315,13825,2.0
10315,14017,2.0
10315,14091,1.0
10315,14277,1.0
10315,14899,1.0
10315,16482,4.0
10315,16931,14.0
10315,21641,6.0
10315,27620,11.0
10315,29523,3.0
10315,34869,5.0
10402,10283,2.0
10402,10297,121.0
10402,10841,6.0
10402,11397,94.0
10402,12419,1.0
10402,15331,7.0
10402,17416,1.0
10402,18957,4.0
10402,18959,1.0
10434,10010,1.0
10434,10091,1.0
10434,10184,2.0
10434,10283,1.0
10434,10649,8.0
10434,10937,2.0
10434,11832,2.0
10434,12405,48.0
10434,12771,1.0
10434,13317,4.0
10434,14113,1.0
10434,17322,1.0
10434,30465,1.0
10440,10151,1.0
10440,10180,3.0
10440,10588,2.0
10440,10671,3.0
10440,10923,1.0
10440,14899,1.0
10440,16542,2.0
10440,17322,14.0
10440,18455,23.0
10440,21128,1.0
10443,10078,1.0
10443,10451,8.0
10443,12211,6.0
10443,12517,10.0
10443,12737,11.0
10443,14539,1.0
10443,17015,41.0
10443,32740,13.0
10443,35852,15.0
10443,40996,9.0
10443,59297,1.0
10443,128570,1.0
10443,515278,10.0
10443,521632,1.0
10443,525221,5.0
10451,10443,7.0
10451,12211,6.0
10451,12517,8.0
10451,12737,9.0
10451,14539,3.0
10451,15514,1.0
10451,17015,12.0
10451,32740,25.0
10451,35852,36.0
10451,38640,1.0
10451,40996,26.0
10451,45196,2.0
10451,140043,1.0
10451,515278,13.0
10451,521632,2.0
10451,525221,8.0
10451,535597,1.0
10451,535628,1.0
10570,10010,113.0
10570,10117,1.0
10570,10128,3.0
10570,10246,1.0
10570,10257,2.0
10570,11272,10.0
10570,11391,3.0
10570,11397,1.0
10570,11572,3.0
10570,12614,1.0
10570,14277,1.0
10570,15261,1.0
10570,16482,1.0
10570,17527,1.0
10570,27620,1.0
10570,31784,1.0
10570,46376,1.0
10576,10001,4.0
10576,10010,11.0
10576,10128,1.0
10576,10246,5.0
10576,10570,43.0
10576,10689,1.0
10576,10728,4.0
10576,11391,1.0
10576,11462,2.0
10576,12129,2.0
10576,14502,1.0
10576,14600,50.0
10576,15336,9.0
10576,16644,23.0
10576,17253,1.0
10576,21251,11.0
10576,31362,1.0
10576,46376,3.0
10576,47608,9.0
10576,801577,2.0
10576,801943,2.0
10576,801984,1.0
10576,802425,12.0
10576,804185,17.0
10576,806001,7.0
10576,806187,1.0
10576,806465,1.0
10576,807314,5.0
10576,810081,1.0
10576,812267,1.0
10576,911199,15.0
10580,10001,60.0
10580,10010,739.0
10580,10091,45.0
10580,10180,1.0
10580,10184,22.0
10580,10257,54.0
10580,10277,1.0
10580,10283,7.0
10580,10297,1.0
10580,10315,4.0
10580,10588,1.0
10580,10728,9.0
10580,10923,29.0
10580,10992,105.0
10580,11101,2.0
10580,11133,17.0
10580,11205,13.0
10580,11272,6.0
10580,11361,8.0
10580,11572,1.0
10580,11826,1.0
10580,11832,9.0
10580,12041,4.0
10580,12184,3.0
10580,12215,5.0
10580,12419,1.0
10580,12614,1.0
10580,12628,22.0
10580,13256,1.0
10580,13995,3.0
10580,14899,9.0
10580,15414,1.0
10580,15733,1.0
10580,16445,5.0
10580,16459,1.0
10580,16482,19.0
10580,16931,1.0
10580,17144,5.0
10580,17584,2.0
10580,17616,4.0
10580,17757,16.0
10580,18090,2.0
10580,18940,25.0
10580,28663,3.0
10580,31334,12.0
10580,31440,1.0
10580,39064,1.0
10580,48633,28.0
10580,57245,16.0
10580,61011,2.0
10580,805966,1.0
10580,807245,1.0
10580,817729,1.0
10584,10001,1.0
10584,10091,2.0
10584,10106,1.0
10584,10117,4.0
10584,10146,1.0
10584,10173,1.0
10584,10180,1.0
10584,10246,5.0
10584,10283,4.0
10584,10297,4.0
10584,10315,34.0
10584,10923,120.0
10584,10925,1.0
10584,10957,6.0
10584,11133,2.0
10584,11205,3.0
10584,11257,3.0
10584,11353,1.0
10584,11361,12.0
10584,11826,1.0
10584,11832,2.0
10584,12275,2.0
10584,12419,1.0
10584,12614,2.0
10584,13919,2.0
10584,14017,1.0
10584,14899,57.0
10584,16931,25.0
10584,17284,1.0
10584,17616,1.0
10584,17757,160.0
10584,18455,1.0
10584,18940,32.0
10584,21813,1.0
10584,28663,29.0
10584,31334,3.0
10584,31362,7.0
10584,34869,1.0
10584,48633,33.0
10584,57245,7.0
10584,61011,21.0
10584,65465,17.0
10584,82900,1.0
10584,810029,8.0
10584,815910,2.0
10584,817729,3.0
10588,10001,24.0
10588,10091,30.0
10588,10151,4.0
10588,10180,1.0
10588,10283,16.0
10588,10315,1.0
10588,10440,49.0
10588,10580,14.0
10588,10671,1.0
10588,10923,9.0
10588,10957,1.0
10588,11065,1.0
10588,11133,77.0
10588,11257,76.0
10588,11334,2.0
10588,11353,3.0
10588,12041,13.0
10588,12215,1.0
10588,12628,127.0
10588,13317,1.0
10588,14113,6.0
10588,14863,40.0
10588,15323,11.0
10588,16542,11.0
10588,16931,7.0
10588,17616,2.0
10588,30465,3.0
10649,10143,1.0
10649,10180,117.0
10649,10184,3.0
10649,10315,1.0
10649,10671,74.0
10649,11361,2.0
10649,11832,3.0
10649,13263,1.0
10649,14277,3.0
10649,14387,1.0
10649,14899,33.0
10649,16931,1.0
10649,17584,1.0
10649,18940,8.0
10649,31334,2.0
10649,806128,10.0
10649,806187,9.0
10649,810081,24.0
10649,813858,5.0
10654,10180,1.0
10654,10283,1.0
10654,10924,21.0
10654,11397,10.0
10654,13122,15.0
10654,13995,6.0
10654,33474,6.0
10654,48633,1.0
10654,800190,4.0
10671,10010,14.0
10671,10078,1.0
10671,10091,42.0
10671,10106,4.0
10671,10151,40.0
10671,10180,23.0
10671,10184,6.0
10671,10283,1.0
10671,10440,242.0
10671,10580,59.0
10671,10588,1.0
10671,10689,7.0
10671,10992,8.0
10671,11011,2.0
10671,11133,22.0
10671,11257,1.0
10671,11272,8.0
10671,11334,91.0
10671,11397,2.0
10671,11431,1.0
10671,12041,8.0
10671,12184,14.0
10671,12215,6.0
10671,12419,1.0
10671,12628,50.0
10671,12771,2.0
10671,13578,7.0
10671,13815,3.0
10671,14063,2.0
10671,14113,1.0
10671,14899,1.0
10671,15792,1.0
10671,16445,2.0
10671,16482,1.0
10671,16983,3.0
10671,17253,3.0
10671,17284,24.0
10671,17584,5.0
10671,17616,3.0
10671,17757,2.0
10671,18940,2.0
10671,31334,12.0
10671,36102,2.0
10671,74105,2.0
10671,80419,1.0
10671,80724,15.0
10671,82900,2.0
10671,800014,1.0
10671,801143,6.0
10671,803126,5.0
10671,803420,3.0
10671,804185,2.0
10671,804631,4.0
10671,805849,21.0
10671,805963,9.0
10671,805966,29.0
10671,806187,1.0
10671,807245,3.0
10671,807581,1.0
10671,807678,5.0
10671,810029,1.0
10671,817729,4.0
10671,909325,5.0
10671,911199,4.0
10689,10001,156.0
10689,10010,97.0
10689,10052,24.0
10689,10078,1.0
10689,10106,17.0
10689,10117,76.0
10689,10146,22.0
10689,10257,39.0
10689,10277,21.0
10689,10570,37.0
10689,10576,59.0
10689,10728,7.0
10689,11687,5.0
10689,11782,26.0
10689,12053,25.0
10689,12129,20.0
10689,12184,1.0
10689,13114,7.0
10689,13122,2.0
10689,13263,1.0
10689,13600,65.0
10689,13794,2.0
10689,14063,1.0
10689,14793,4.0
10689,14899,15.0
10689,15261,12.0
10689,15323,15.0
10689,15336,5.0
10689,15665,6.0
10689,15959,1.0
10689,16445,1.0
10689,16644,4.0
10689,17253,1.0
10689,17284,1.0
10689,17527,11.0
10689,17584,8.0
10689,17757,3.0
10689,18090,10.0
10689,21548,1.0
10689,22309,24.0
10689,27620,1.0
10689,28620,6.0
10689,28663,4.0
10689,29523,4.0
10689,31362,25.0
10689,33474,2.0
10689,34869,1.0
10689,46376,1.0
10689,74105,1.0
10689,801143,1.0
10689,802425,2.0
10689,803564,1.0
10689,803702,8.0
10689,804185,5.0
10689,804978,16.0
10689,805849,1.0
10689,806001,28.0
10689,806187,6.0
10689,806465,11.0
10689,809034,1.0
10689,809037,2.0
10689,809503,2.0
10689,810081,4.0
10689,812693,2.0
10689,909325,13.0
10689,909760,1.0
10689,911199,25.0
10728,10001,97.0
10728,10010,22.0
10728,10091,2.0
10728,10106,1.0
10728,10128,3.0
10728,10146,5.0
10728,10184,3.0
10728,10257,22.0
10728,10277,4.0
10728,10283,48.0
10728,10315,1.0
10728,10580,2.0
10728,10584,27.0
10728,10923,2.0
10728,10925,1.0
10728,10957,1.0
10728,10992,6.0
10728,11101,1.0
10728,11133,2.0
10728,11205,3.0
10728,11272,1.0
10728,11334,4.0
10728,11361,18.0
10728,11572,1.0
10728,11832,20.0
10728,12041,2.0
10728,12053,1.0
10728,12184,2.0
10728,12215,7.0
10728,12275,2.0
10728,12419,2.0
10728,12628,9.0
10728,13815,5.0
10728,14017,2.0
10728,16445,2.0
10728,16855,3.0
10728,17144,11.0
10728,17284,1.0
10728,18133,2.0
10728,18705,1.0
10728,27620,5.0
10728,31440,1.0
10728,33474,3.0
10728,36717,3.0
10728,39064,2.0
10841,10001,1.0
10841,10052,1.0
10841,10283,13.0
10841,10297,239.0
10841,10402,1.0
10841,10584,1.0
10841,11431,5.0
10841,13794,1.0
10841,14419,2.0
10841,14793,1.0
10841,15331,3.0
10841,17757,4.0
10841,18090,3.0
10841,18957,2.0
10841,803564,2.0
10923,10001,5.0
10923,10091,1.0
10923,10106,2.0
10923,10117,52.0
10923,10146,23.0
10923,10151,1.0
10923,10173,1.0
10923,10246,14.0
10923,10257,2.0
10923,10277,29.0
10923,10283,4.0
10923,10297,45.0
10923,10315,41.0
10923,10570,15.0
10923,10580,3.0
10923,10584,4.0
10923,10588,2.0
10923,10728,2.0
10923,10925,4.0
10923,10957,3.0
10923,11133,3.0
10923,11205,8.0
10923,11272,3.0
10923,11353,1.0
10923,11361,1.0
10923,11397,138.0
10923,11462,1.0
10923,11572,176.0
10923,11782,4.0
10923,11826,1.0
10923,12053,2.0
10923,12129,2.0
10923,12184,71.0
10923,12215,4.0
10923,12419,3.0
10923,12614,293.0
10923,13114,1.0
10923,13794,4.0
10923,13825,12.0
10923,14091,17.0
10923,14277,21.0
10923,15323,5.0
10923,15414,5.0
10923,15665,1.0
10923,15733,18.0
10923,15959,11.0
10923,16445,2.0
10923,16459,5.0
10923,16855,2.0
10923,16931,51.0
10923,17144,1.0
10923,17527,1.0
10923,17616,6.0
10923,17757,2.0
10923,18090,11.0
10923,18940,16.0
10923,19668,1.0
10923,21128,2.0
10923,21548,1.0
10923,21641,2.0
10923,27620,4.0
10923,28620,1.0
10923,30480,1.0
10923,31334,1.0
10923,31784,2.0
10923,33474,3.0
10923,34869,3.0
10923,36717,1.0
10923,805849,2.0
10923,805966,2.0
10923,806128,33.0
10923,807678,9.0
10923,813858,17.0
10923,907684,64.0
10924,10654,2.0
10924,18455,6.0
10924,800190,52.0
10925,10001,57.0
10925,10052,1.0
10925,10106,9.0
10925,10117,39.0
10925,10128,2.0
10925,10146,67.0
10925,10246,1.0
10925,10277,72.0
10925,10283,70.0
10925,10297,24.0
10925,10315,3.0
10925,10584,173.0
10925,10728,1.0
10925,10923,2.0
10925,10957,3.0
10925,11133,2.0
10925,11334,1.0
10925,11397,16.0
10925,11462,8.0
10925,11782,1.0
10925,12041,4.0
10925,12053,1.0
10925,12129,6.0
10925,12184,1.0
10925,12215,5.0
10925,12614,1.0
10925,12628,2.0
10925,12857,8.0
10925,13114,3.0
10925,13654,4.0
10925,13825,60.0
10925,13919,2.0
10925,14502,1.0
10925,15331,8.0
10925,15336,2.0
10925,15665,2.0
10925,15733,3.0
10925,15959,4.0
10925,16445,4.0
10925,16855,6.0
10925,17284,1.0
10925,17527,16.0
10925,17616,6.0
10925,18090,12.0
10925,18111,3.0
10925,18705,1.0
10925,18716,1.0
10925,20338,40.0
10925,21251,26.0
10925,21548,1.0
10925,21813,1.0
10925,27620,3.0
10925,28620,10.0
10925,29523,4.0
10925,33474,2.0
10925,34869,5.0
10925,36717,2.0
10925,46221,13.0
10937,10001,4.0
10937,10091,23.0
10937,10283,29.0
10937,10297,1.0
10937,10580,3.0
10937,10584,1.0
10937,11133,7.0
10937,11257,6.0
10937,11334,2.0
10937,11832,1.0
10937,12041,1.0
10937,12184,2.0
10937,12215,2.0
10937,12628,38.0
10937,13256,4.0
10937,13815,7.0
10937,13995,2.0
10937,17144,4.0
10937,31440,1.0
10957,10106,2.0
10957,10117,14.0
10957,10146,13.0
10957,10180,1.0
10957,10277,2.0
10957,10283,11.0
10957,10315,1.0
10957,10580,5.0
10957,10584,33.0
10957,10728,2.0
10957,10923,35.0
10957,11133,2.0
10957,11334,31.0
10957,11687,2.0
10957,11832,1.0
10957,12041,1.0
10957,12184,3.0
10957,12419,11.0
10957,12628,2.0
10957,13919,1.0
10957,13995,1.0
10957,14017,2.0
10957,14899,3.0
10957,15323,3.0
10957,15414,1.0
10957,15665,26.0
10957,16445,2.0
10957,16931,1.0
10957,17144,2.0
10957,17284,3.0
10957,17757,105.0
10957,18705,1.0
10957,20338,1.0
10957,21641,2.0
10957,27620,2.0
10957,31440,1.0
10957,33474,1.0
10957,36102,3.0
10957,36717,1.0
10957,39064,1.0
10957,58284,1.0
10957,61011,3.0
10957,82900,1.0
10957,805849,2.0
10957,807678,2.0
10957,810029,19.0
10957,810081,1.0
10957,815910,23.0
10957,817729,19.0
10992,10001,9.0
10992,10010,219.0
10992,10091,30.0
10992,10146,1.0
10992,10173,22.0
10992,10180,2.0
10992,10257,60.0
10992,10283,4.0
10992,10315,3.0
10992,10580,64.0
10992,10584,2.0
10992,10728,18.0
10992,10923,57.0
10992,10957,1.0
10992,11101,1.0
10992,11133,49.0
10992,11205,3.0
10992,11272,6.0
10992,11334,23.0
10992,11361,5.0
10992,11462,3.0
10992,11826,3.0
10992,11832,2.0
10992,12184,1.0
10992,12215,28.0
10992,12275,30.0
10992,12419,1.0
10992,12628,19.0
10992,13600,1.0
10992,14091,1.0
10992,16445,1.0
10992,16482,6.0
10992,17144,2.0
10992,17584,3.0
10992,17616,1.0
10992,18090,1.0
10992,31440,1.0
11011,10091,2.0
11011,10143,1.0
11011,10580,7.0
11011,10728,1.0
11011,11101,1.0
11011,11133,1.0
11011,11272,2.0
11011,11507,9.0
11011,17757,5.0
11011,18940,1.0
11011,28663,5.0
11011,31334,10.0
11011,31362,6.0
11011,803126,1.0
11011,806128,3.0
11011,813858,3.0
11015,11507,5.0
11015,13406,2.0
11015,14539,2.0
11015,194866,1.0
11015,515278,1.0
11065,10184,1.0
11065,14113,3.0
11065,14863,7.0
11065,31440,1.0
11101,10001,1.0
11101,10010,1.0
11101,10091,4.0
11101,10143,2.0
11101,10184,7.0
11101,10257,1.0
11101,10283,9.0
11101,10297,3.0
11101,10584,16.0
11101,10728,8.0
11101,10937,1.0
11101,10957,1.0
11101,10992,6.0
11101,11133,1.0
11101,11272,1.0
11101,11334,4.0
11101,11353,1.0
11101,11361,14.0
11101,11397,4.0
11101,11462,12.0
11101,11572,1.0
11101,11687,2.0
11101,11832,16.0
11101,12053,1.0
11101,12184,9.0
11101,12215,8.0
11101,12419,4.0
11101,12628,6.0
11101,13815,4.0
11101,13825,1.0
11101,13919,9.0
11101,13995,7.0
11101,14017,3.0
11101,14091,14.0
11101,15323,3.0
11101,16482,2.0
11101,16855,11.0
11101,17584,2.0
11101,20338,17.0
11101,31440,4.0
11133,10001,537.0
11133,10010,80.0
11133,10091,17.0
11133,10106,3.0
11133,10117,15.0
11133,10128,4.0
11133,10146,15.0
11133,10173,1.0
11133,10180,1.0
11133,10184,13.0
11133,10246,1.0
11133,10257,3.0
11133,10277,34.0
11133,10283,12.0
11133,10297,27.0
11133,10315,5.0
11133,10580,25.0
11133,10584,14.0
11133,10588,2.0
11133,10923,217.0
11133,10957,3.0
11133,10992,4.0
11133,11101,1.0
11133,11205,2.0
11133,11257,5.0
11133,11272,2.0
11133,11334,23.0
11133,11353,1.0
11133,11361,3.0
11133,11507,1.0
11133,11572,1.0
11133,11832,2.0
11133,12041,6.0
11133,12184,17.0
11133,12215,13.0
11133,12275,1.0
11133,12419,2.0
11133,12628,27.0
11133,13114,1.0
11133,13256,6.0
11133,13794,1.0
11133,13995,1.0
11133,14091,1.0
11133,14899,9.0
11133,15665,4.0
11133,15733,1.0
11133,16445,4.0
11133,16644,1.0
11133,16855,3.0
11133,16931,25.0
11133,17144,3.0
11133,17616,7.0
11133,17757,12.0
11133,18133,1.0
11133,18940,14.0
11133,20338,28.0
11133,21548,107.0
11133,21641,1.0
11133,23590,1.0
11133,27620,98.0
11133,29523,98.0
11133,31334,12.0
11133,31440,2.0
11133,31784,3.0
11133,34869,95.0
11133,36717,1.0
11133,46221,16.0
11133,48633,1.0
11133,57245,18.0
11133,61011,35.0
11133,810029,3.0
11133,813858,1.0
11205,10001,81.0
11205,10010,208.0
11205,10091,12.0
11205,10106,2.0
11205,10184,2.0
11205,10257,4.0
11205,10283,4.0
11205,10315,4.0
11205,10580,30.0
11205,10671,1.0
11205,10728,1.0
11205,10923,76.0
11205,10957,1.0
11205,10992,7.0
11205,11133,25.0
11205,11334,18.0
11205,11361,1.0
11205,11507,1.0
11205,11832,1.0
11205,12041,8.0
11205,12184,2.0
11205,12419,1.0
11205,12628,15.0
11205,14091,1.0
11205,15414,1.0
11205,16445,1.0
11205,16482,1.0
11205,16931,6.0
11205,17284,1.0
11205,17616,1.0
11205,18940,1.0
11205,27620,19.0
11205,29523,2.0
11257,10091,120.0
11257,10151,1.0
11257,10180,8.0
11257,10184,3.0
11257,10283,1.0
11257,10315,2.0
11257,10440,1.0
11257,10580,21.0
11257,10584,2.0
11257,10588,77.0
11257,10923,11.0
11257,10957,1.0
11257,11133,97.0
11257,11205,1.0
11257,11353,2.0
11257,11361,1.0
11257,11832,1.0
11257,12405,3.0
11257,12419,12.0
11257,12628,200.0
11257,14387,13.0
11257,14863,1.0
11257,14899,3.0
11257,16931,1.0
11257,17322,2.0
11257,17757,30.0
11257,21641,2.0
11257,28663,4.0
11257,31334,44.0
11257,48633,5.0
11257,61011,1.0
11272,10001,51.0
11272,10010,230.0
11272,10091,8.0
11272,10143,2.0
11272,10146,3.0
11272,10173,4.0
11272,10184,16.0
11272,10257,81.0
11272,10277,13.0
11272,10283,20.0
11272,10315,1.0
11272,10570,1.0
11272,10580,21.0
11272,10584,11.0
11272,10671,1.0
11272,10728,17.0
11272,10923,77.0
11272,10957,35.0
11272,10992,4.0
11272,11011,3.0
11272,11133,10.0
11272,11205,3.0
11272,11334,35.0
11272,11361,2.0
11272,11507,31.0
11272,11782,1.0
11272,11826,2.0
11272,11832,2.0
11272,12041,1.0
11272,12184,6.0
11272,12215,2.0
11272,12275,3.0
11272,12419,2.0
11272,12628,2.0
11272,13815,8.0
11272,14091,2.0
11272,15733,3.0
11272,17144,2.0
11272,17284,1.0
11272,27620,6.0
11272,28620,1.0
11272,29523,20.0
11272,39064,1.0
11272,58284,1.0
11334,10117,4.0
11334,10151,1.0
11334,10180,1.0
11334,10184,41.0
11334,10584,1.0
11334,10671,1.0
11334,10923,13.0
11334,10957,2.0
11334,11205,1.0
11334,12184,2.0
11334,12275,1.0
11334,12405,1.0
11334,13317,1.0
11334,14017,1.0
11334,14063,2.0
11334,14863,1.0
11334,15414,2.0
11334,17322,1.0
11334,17757,41.0
11334,18940,1.0
11334,48633,5.0
11334,61011,2.0
11334,65465,1.0
11334,805966,1.0
11334,807581,6.0
11334,810029,1.0
11334,810081,1.0
11353,10091,10.0
11353,10184,5.0
11353,10283,10.0
11353,10580,1.0
11353,10588,1.0
11353,10671,1.0
11353,10957,2.0
11353,11065,1.0
11353,11133,1.0
11353,11257,31.0
11353,11334,1.0
11353,11397,1.0
11353,11462,1.0
11353,11507,7.0
11353,11687,1.0
11353,12041,2.0
11353,12628,13.0
11353,12771,5.0
11353,13815,2.0
11353,14387,3.0
11353,36102,2.0
11361,10001,116.0
11361,10010,156.0
11361,10091,102.0
11361,10106,10.0
11361,10117,1.0
11361,10146,51.0
11361,10173,2.0
11361,10184,3.0
11361,10257,65.0
11361,10277,58.0
11361,10283,144.0
11361,10297,1.0
11361,10315,5.0
11361,10580,28.0
11361,10584,22.0
11361,10728,52.0
11361,10923,3.0
11361,10937,2.0
11361,10957,3.0
11361,10992,12.0
11361,11101,1.0
11361,11133,24.0
11361,11205,3.0
11361,11272,1.0
11361,11334,16.0
11361,11782,7.0
11361,11826,1.0
11361,11832,6.0
11361,12041,19.0
11361,12184,9.0
11361,12215,151.0
11361,12419,105.0
11361,12628,99.0
11361,13815,2.0
11361,13919,2.0
11361,13995,37.0
11361,14017,1.0
11361,14091,2.0
11361,15323,52.0
11361,15414,22.0
11361,15665,1.0
11361,15733,5.0
11361,15792,3.0
11361,16445,53.0
11361,16482,47.0
11361,16855,3.0
11361,16931,3.0
11361,17144,21.0
11361,17284,1.0
11361,17584,48.0
11361,17616,28.0
11361,18133,2.0
11361,18705,1.0
11361,21548,1.0
11361,21641,7.0
11361,31440,5.0
11361,39064,2.0
11391,10001,179.0
11391,10010,181.0
11391,10052,1.0
11391,10106,72.0
11391,10117,53.0
11391,10128,16.0
11391,10143,1.0
11391,10146,11.0
11391,10246,11.0
11391,10257,9.0
11391,10277,6.0
11391,10283,1.0
11391,10570,44.0
11391,10576,1.0
11391,10584,1.0
11391,10923,11.0
11391,11272,6.0
11391,11572,55.0
11391,11782,1.0
11391,12053,1.0
11391,12129,1.0
11391,12184,3.0
11391,12614,32.0
11391,13114,2.0
11391,13578,1.0
11391,13654,1.0
11391,15323,3.0
11391,15336,11.0
11391,15959,1.0
11391,16644,2.0
11391,17584,3.0
11391,18716,2.0
11391,21641,1.0
11391,28620,14.0
11391,31784,4.0
11391,33474,1.0
11391,34869,1.0
11391,46221,1.0
11391,46376,1.0
11397,10001,65.0
11397,10106,45.0
11397,10117,38.0
11397,10128,137.0
11397,10146,26.0
11397,10246,5.0
11397,10277,40.0
11397,10283,4.0
11397,10297,2.0
11397,10584,50.0
11397,10923,78.0
11397,10925,4.0
11397,10957,15.0
11397,11133,3.0
11397,11391,4.0
11397,11462,8.0
11397,11572,5.0
11397,11782,2.0
11397,11826,7.0
11397,12129,26.0
11397,12184,3.0
11397,12215,2.0
11397,12614,3.0
11397,12857,1.0
11397,13114,2.0
11397,13263,7.0
11397,13600,1.0
11397,13654,1.0
11397,13825,34.0
11397,13919,7.0
11397,14017,37.0
11397,15261,7.0
11397,15331,2.0
11397,15336,2.0
11397,15665,1.0
11397,15733,1.0
11397,15959,12.0
11397,16644,3.0
11397,16855,2.0
11397,17284,1.0
11397,17527,2.0
11397,17616,2.0
11397,18090,3.0
11397,18111,3.0
11397,19668,1.0
11397,20269,1.0
11397,21151,1.0
11397,21641,2.0
11397,22309,5.0
11397,27620,13.0
11397,28620,2.0
11397,29523,3.0
11397,31784,1.0
11397,33474,3.0
11397,34869,7.0
11397,36717,1.0
11397,46221,1.0
11397,46376,1.0
11431,10001,4.0
11431,10091,1.0
11431,10106,3.0
11431,10146,26.0
11431,10184,3.0
11431,10277,12.0
11431,10283,133.0
11431,10297,3.0
11431,10584,240.0
11431,10841,3.0
11431,10923,24.0
11431,11011,13.0
11431,11133,10.0
11431,11257,30.0
11431,11353,17.0
11431,11687,24.0
11431,12041,64.0
11431,12419,6.0
11431,12628,17.0
11431,13122,3.0
11431,13794,2.0
11431,14277,1.0
11431,14419,1.0
11431,15323,3.0
11431,16445,3.0
11431,16855,20.0
11431,17284,26.0
11431,17416,5.0
11431,17757,28.0
11431,18940,3.0
11431,18957,2.0
11431,20338,2.0
11431,21641,1.0
11431,28663,34.0
11431,31334,3.0
11431,31362,48.0
11431,31440,1.0
11431,46221,1.0
11431,57245,2.0
11431,804185,3.0
11431,804978,1.0
11431,911199,1.0
11462,10091,3.0
11462,10106,2.0
11462,10143,1.0
11462,10146,1.0
11462,10173,1.0
11462,10184,1.0
11462,10283,14.0
11462,10297,1.0
11462,10584,27.0
11462,10728,5.0
11462,10923,1.0
11462,10925,5.0
11462,10957,1.0
11462,11101,9.0
11462,11334,7.0
11462,11361,15.0
11462,11397,5.0
11462,11507,2.0
11462,11572,1.0
11462,11687,2.0
11462,11832,12.0
11462,12184,5.0
11462,12215,15.0
11462,12419,11.0
11462,12628,1.0
11462,13263,1.0
11462,13815,10.0
11462,13919,3.0
11462,13995,11.0
11462,14017,2.0
11462,15323,4.0
11462,15414,1.0
11462,15733,9.0
11462,16459,7.0
11462,16855,7.0
11462,16931,1.0
11462,17616,5.0
11462,18111,1.0
11462,20338,15.0
11462,21548,1.0
11462,21641,1.0
11462,27620,2.0
11462,31440,8.0
11507,10067,1.0
11507,10078,1.0
11507,10091,6.0
11507,10106,2.0
11507,10128,6.0
11507,10173,11.0
11507,10184,6.0
11507,10257,1.0
11507,10283,29.0
11507,10297,9.0
11507,10580,11.0
11507,10584,20.0
11507,10588,1.0
11507,10671,1.0
11507,10728,18.0
11507,10923,6.0
11507,10925,5.0
11507,10937,1.0
11507,10957,24.0
11507,10992,5.0
11507,11011,4.0
11507,11065,1.0
11507,11133,4.0
11507,11205,2.0
11507,11257,3.0
11507,11272,23.0
11507,11334,12.0
11507,11353,13.0
11507,11361,1.0
11507,11397,10.0
11507,11462,1.0
11507,11687,1.0
11507,11826,14.0
11507,11832,4.0
11507,12041,14.0
11507,12129,1.0
11507,12184,10.0
11507,12215,24.0
11507,12275,7.0
11507,12419,6.0
11507,12628,9.0
11507,12857,1.0
11507,13122,2.0
11507,13263,3.0
11507,13654,4.0
11507,13794,6.0
11507,13815,4.0
11507,13825,16.0
11507,13919,3.0
11507,13995,8.0
11507,14017,1.0
11507,15414,6.0
11507,15665,8.0
11507,16445,2.0
11507,16459,5.0
11507,16482,2.0
11507,16855,5.0
11507,16931,2.0
11507,17284,1.0
11507,17527,3.0
11507,17584,1.0
11507,17616,3.0
11507,18090,1.0
11507,18705,2.0
11507,19668,2.0
11507,20338,10.0
11507,21641,7.0
11507,21813,1.0
11507,22309,2.0
11507,28620,1.0
11507,30480,1.0
11507,31440,6.0
11507,31784,1.0
11507,31964,1.0
11507,33474,4.0
11507,36717,2.0
11507,39064,1.0
11507,58284,1.0
11572,10001,181.0
11572,10010,167.0
11572,10078,1.0
11572,10106,10.0
11572,10117,55.0
11572,10128,62.0
11572,10146,8.0
11572,10246,21.0
11572,10257,19.0
11572,10277,10.0
11572,10283,8.0
11572,10297,1.0
11572,10580,18.0
11572,10584,103.0
11572,10728,9.0
11572,10923,28.0
11572,10925,5.0
11572,10957,5.0
11572,10992,57.0
11572,11133,4.0
11572,11272,1.0
11572,11391,11.0
11572,11397,8.0
11572,11782,15.0
11572,12053,21.0
11572,12129,20.0
11572,12184,4.0
11572,12215,50.0
11572,12614,26.0
11572,13114,1.0
11572,13600,3.0
11572,13825,30.0
11572,15331,2.0
11572,15665,1.0
11572,15733,1.0
11572,16445,1.0
11572,16855,1.0
11572,17527,23.0
11572,20338,2.0
11572,21128,1.0
11572,21548,3.0
11572,27620,5.0
11572,28620,1.0
11572,29523,6.0
11572,31784,1.0
11572,34869,3.0
11572,36717,4.0
11572,46221,2.0
11687,10173,1.0
11687,10184,1.0
11687,10283,1.0
11687,10297,32.0
11687,10315,1.0
11687,10588,4.0
11687,10689,1.0
11687,10841,1.0
11687,10957,1.0
11687,11065,1.0
11687,11101,1.0
11687,11257,3.0
11687,11353,2.0
11687,11431,3.0
11687,11507,1.0
11687,11782,3.0
11687,11832,2.0
11687,12041,2.0
11687,12053,1.0
11687,12184,2.0
11687,12215,17.0
11687,12419,4.0
11687,12628,3.0
11687,14063,6.0
11687,15733,1.0
11687,16482,1.0
11687,16542,1.0
11687,18133,1.0
11687,18959,1.0
11687,20338,6.0
11687,21641,1.0
11687,21813,2.0
11687,31334,1.0
11687,31440,9.0
11687,47608,1.0
11687,801943,17.0
11761,10283,2.0
11761,10402,13.0
11761,11687,1.0
11761,14419,2.0
11761,14573,61.0
11761,18959,3.0
11782,10001,1.0
11782,10078,2.0
11782,10117,1.0
11782,10143,1.0
11782,10246,18.0
11782,10277,1.0
11782,10283,1.0
11782,10584,1.0
11782,10728,1.0
11782,10923,2.0
11782,10925,89.0
11782,10992,1.0
11782,11101,2.0
11782,11205,1.0
11782,11361,1.0
11782,11391,3.0
11782,11397,53.0
11782,11462,2.0
11782,11572,166.0
11782,12053,4.0
11782,12129,2.0
11782,12184,1.0
11782,12215,2.0
11782,12419,3.0
11782,12614,100.0
11782,12857,1.0
11782,13114,1.0
11782,13794,3.0
11782,13825,120.0
11782,13919,1.0
11782,14017,2.0
11782,14091,2.0
11782,14277,3.0
11782,15414,1.0
11782,15733,2.0
11782,15959,1.0
11782,16482,3.0
11782,16931,3.0
11782,16983,2.0
11782,17527,2.0
11782,18090,1.0
11782,18111,1.0
11782,20338,56.0
11782,21548,13.0
11782,22309,1.0
11782,28620,1.0
11782,33474,8.0
11782,34869,1.0
11782,46221,2.0
11826,10001,9.0
11826,10010,162.0
11826,10091,31.0
11826,10106,2.0
11826,10117,3.0
11826,10146,1.0
11826,10173,16.0
11826,10257,5.0
11826,10283,9.0
11826,10580,6.0
11826,10584,8.0
11826,10728,8.0
11826,10923,1.0
11826,10992,32.0
11826,11133,1.0
11826,11272,4.0
11826,11361,15.0
11826,11507,15.0
11826,11832,18.0
11826,12041,1.0
11826,12184,1.0
11826,12215,1.0
11826,12275,25.0
11826,13122,1.0
11826,13825,1.0
11826,15733,1.0
11826,16445,1.0
11826,16482,1.0
11826,18090,2.0
11826,31440,2.0
11832,10001,125.0
11832,10010,140.0
11832,10091,127.0
11832,10106,4.0
11832,10117,3.0
11832,10146,54.0
11832,10184,6.0
11832,10257,38.0
11832,10277,27.0
11832,10283,189.0
11832,10580,17.0
11832,10584,31.0
11832,10649,1.0
11832,10728,57.0
11832,10923,3.0
11832,10937,5.0
11832,10957,5.0
11832,10992,5.0
11832,11101,1.0
11832,11133,25.0
11832,11205,2.0
11832,11334,40.0
11832,11361,3.0
11832,11826,2.0
11832,12041,13.0
11832,12184,8.0
11832,12215,182.0
11832,12419,91.0
11832,12628,99.0
11832,13256,2.0
11832,13815,2.0
11832,13919,3.0
11832,13995,49.0
11832,14017,1.0
11832,14091,2.0
11832,15323,34.0
11832,15414,11.0
11832,15665,4.0
11832,15733,1.0
11832,15792,9.0
11832,16445,57.0
11832,16482,83.0
11832,16855,2.0
11832,16931,2.0
11832,17144,7.0
11832,17584,55.0
11832,17616,10.0
11832,18133,3.0
11832,18705,2.0
11832,21548,1.0
11832,21641,7.0
11832,27620,2.0
11832,31440,11.0
11832,39064,11.0
12041,10001,105.0
12041,10091,49.0
12041,10106,1.0
12041,10117,5.0
12041,10146,5.0
12041,10173,1.0
12041,10180,1.0
12041,10184,11.0
12041,10277,12.0
12041,10283,189.0
12041,10297,2.0
12041,10315,3.0
12041,10580,64.0
12041,10584,104.0
12041,10728,3.0
12041,10923,27.0
12041,10937,1.0
12041,10957,30.0
12041,11133,95.0
12041,11205,1.0
12041,11257,41.0
12041,11272,1.0
12041,11334,31.0
12041,11353,4.0
12041,11361,10.0
12041,11507,2.0
12041,11826,30.0
12041,11832,1.0
12041,12184,142.0
12041,12215,19.0
12041,12419,5.0
12041,12628,110.0
12041,15323,8.0
12041,15414,18.0
12041,16445,20.0
12041,16931,2.0
12041,17144,5.0
12041,17616,55.0
12041,18133,1.0
12041,20338,5.0
12041,21562,1.0
12041,31440,6.0
12041,33474,1.0
12053,10078,3.0
12053,10117,1.0
12053,10143,2.0
12053,10146,1.0
12053,10184,1.0
12053,10246,17.0
12053,10257,1.0
12053,10584,3.0
12053,10689,1.0
12053,10923,1.0
12053,10925,86.0
12053,10992,65.0
12053,11101,4.0
12053,11205,6.0
12053,11272,2.0
12053,11391,4.0
12053,11397,46.0
12053,11462,4.0
12053,11507,2.0
12053,11572,183.0
12053,11782,9.0
12053,12129,1.0
12053,12215,1.0
12053,12614,113.0
12053,13578,1.0
12053,13794,1.0
12053,13825,20.0
12053,14091,3.0
12053,14277,1.0
12053,15331,1.0
12053,15733,3.0
12053,16445,1.0
12053,17284,3.0
12053,17527,1.0
12053,18090,1.0
12053,18133,3.0
12053,18716,1.0
12053,19668,1.0
12053,20338,16.0
12053,21548,2.0
12053,31784,1.0
12053,33474,14.0
12053,34869,1.0
12053,36717,3.0
12129,10001,120.0
12129,10010,18.0
12129,10052,4.0
12129,10078,8.0
12129,10106,87.0
12129,10117,166.0
12129,10128,1.0
12129,10146,158.0
12129,10246,116.0
12129,10257,7.0
12129,10277,153.0
12129,10283,30.0
12129,10297,8.0
12129,10580,1.0
12129,10584,86.0
12129,10689,1.0
12129,10923,5.0
12129,10957,9.0
12129,11391,1.0
12129,11397,222.0
12129,11462,1.0
12129,11572,166.0
12129,11782,47.0
12129,12053,46.0
12129,12184,64.0
12129,12215,6.0
12129,12614,114.0
12129,13114,9.0
12129,13122,63.0
12129,13578,1.0
12129,13600,2.0
12129,13654,1.0
12129,13794,1.0
12129,13825,69.0
12129,14017,2.0
12129,14091,1.0
12129,14277,6.0
12129,15261,2.0
12129,15665,2.0
12129,15733,18.0
12129,15959,1.0
12129,16445,1.0
12129,16459,8.0
12129,16855,5.0
12129,17284,2.0
12129,17527,1.0
12129,18090,1.0
12129,20338,22.0
12129,21128,1.0
12129,21641,2.0
12129,22309,76.0
12129,22328,1.0
12129,27620,2.0
12129,28620,1.0
12129,29523,4.0
12129,31784,27.0
12129,33474,2.0
12129,34869,1.0
12129,36717,39.0
12129,46221,1.0
12184,10001,82.0
12184,10010,2.0
12184,10091,35.0
12184,10106,42.0
12184,10117,50.0
12184,10146,84.0
12184,10150,1.0
12184,10173,2.0
12184,10184,3.0
12184,10246,3.0
12184,10277,109.0
12184,10283,36.0
12184,10297,4.0
12184,10580,52.0
12184,10584,171.0
12184,10588,12.0
12184,10728,4.0
12184,10923,175.0
12184,10925,2.0
12184,10957,78.0
12184,10992,1.0
12184,11133,58.0
12184,11205,2.0
12184,11257,3.0
12184,11272,2.0
12184,11334,77.0
12184,11353,1.0
12184,11361,16.0
12184,11397,2.0
12184,11462,2.0
12184,11507,3.0
12184,11687,1.0
12184,11826,35.0
12184,11832,16.0
12184,12041,22.0
12184,12053,1.0
12184,12129,3.0
12184,12215,46.0
12184,12275,2.0
12184,12419,9.0
12184,12628,48.0
12184,13114,3.0
12184,13122,1.0
12184,13256,6.0
12184,13794,4.0
12184,13919,1.0
12184,13995,1.0
12184,14091,2.0
12184,14277,1.0
12184,15323,1.0
12184,15414,16.0
12184,15665,39.0
12184,15733,5.0
12184,16445,24.0
12184,16482,4.0
12184,17144,48.0
12184,17284,3.0
12184,17616,14.0
12184,18111,1.0
12184,18133,4.0
12184,20338,2.0
12184,21548,2.0
12184,21641,4.0
12184,22309,1.0
12184,27620,16.0
12184,28620,2.0
12184,29523,9.0
12184,31440,2.0
12184,31784,1.0
12184,33474,2.0
12184,34869,8.0
12184,36717,2.0
12184,39064,2.0
12211,10443,7.0
12211,10451,19.0
12211,11015,4.0
12211,12517,6.0
12211,12737,10.0
12211,13406,9.0
12211,14539,14.0
12211,17015,2.0
12211,20046,2.0
12211,32610,1.0
12211,515278,1.0
12215,10001,278.0
12215,10010,15.0
12215,10091,8.0
12215,10106,25.0
12215,10117,24.0
12215,10146,78.0
12215,10173,6.0
12215,10184,10.0
12215,10257,3.0
12215,10277,88.0
12215,10283,139.0
12215,10297,4.0
12215,10580,36.0
12215,10584,136.0
12215,10728,4.0
12215,10923,69.0
12215,10925,2.0
12215,10957,15.0
12215,10992,4.0
12215,11101,21.0
12215,11133,76.0
12215,11334,22.0
12215,11353,4.0
12215,11361,63.0
12215,11397,2.0
12215,11462,2.0
12215,11507,11.0
12215,11572,3.0
12215,11687,3.0
12215,11826,31.0
12215,11832,62.0
12215,12041,78.0
12215,12184,86.0
12215,12275,5.0
12215,12419,9.0
12215,12628,18.0
12215,12857,2.0
12215,13114,3.0
12215,13122,13.0
12215,13256,1.0
12215,13654,1.0
12215,13794,3.0
12215,13825,1.0
12215,13919,1.0
12215,13995,2.0
12215,14017,4.0
12215,14091,1.0
12215,15323,7.0
12215,15414,6.0
12215,15733,3.0
12215,15792,2.0
12215,16445,8.0
12215,16459,3.0
12215,16482,1.0
12215,16628,1.0
12215,16855,5.0
12215,17144,8.0
12215,17284,4.0
12215,17616,7.0
12215,18090,1.0
12215,18705,2.0
12215,19634,6.0
12215,20338,6.0
12215,21151,2.0
12215,21336,4.0
12215,21548,5.0
12215,21804,1.0
12215,22034,2.0
12215,22309,1.0
12215,27620,7.0
12215,28620,1.0
12215,29523,1.0
12215,30480,3.0
12215,31440,10.0
12215,31784,2.0
12215,33474,3.0
12215,34869,5.0
12215,36717,4.0
12215,39064,3.0
12275,10001,140.0
12275,10010,4.0
12275,10106,7.0
12275,10146,4.0
12275,10173,6.0
12275,10277,1.0
12275,10283,104.0
12275,10297,3.0
12275,10580,2.0
12275,10584,145.0
12275,10588,3.0
12275,10728,5.0
12275,10923,86.0
12275,10957,5.0
12275,10992,1.0
12275,11133,13.0
12275,11257,9.0
12275,11272,1.0
12275,11334,50.0
12275,11353,39.0
12275,11361,10.0
12275,11462,1.0
12275,11507,16.0
12275,11687,9.0
12275,11826,10.0
12275,11832,4.0
12275,12041,33.0
12275,12184,6.0
12275,12215,52.0
12275,12419,15.0
12275,12628,26.0
12275,13122,3.0
12275,13256,3.0
12275,13578,1.0
12275,13794,5.0
12275,13825,40.0
12275,14091,1.0
12275,15414,2.0
12275,15665,2.0
12275,16445,4.0
12275,16459,22.0
12275,16855,30.0
12275,17144,1.0
12275,17284,1.0
12275,17616,1.0
12275,20338,3.0
12275,21641,1.0
12275,21813,14.0
12275,22309,12.0
12275,23590,1.0
12275,27620,13.0
12275,28620,4.0
12275,29523,11.0
12275,31784,2.0
12275,31964,1.0
12275,34869,2.0
12275,36717,9.0
12275,39064,2.0
12405,10106,8.0
12405,10184,1.0
12405,10434,2.0
12405,10649,4.0
12405,11065,1.0
12405,11361,3.0
12405,11832,2.0
12405,12771,4.0
12405,14063,20.0
12405,14387,2.0
12405,14863,3.0
12405,14899,3.0
12405,15514,1.0
12405,18940,19.0
12405,24115,1.0
12405,30465,1.0
12405,31334,1.0
12405,36102,1.0
12405,46376,1.0
12405,46961,1.0
12405,64108,1.0
12405,801143,2.0
12405,803126,1.0
12405,805963,1.0
12405,811137,5.0
12405,909760,2.0
12419,10106,1.0
12419,10151,2.0
12419,10184,1.0
12419,10297,38.0
12419,10924,77.0
12419,10957,1.0
12419,11065,3.0
12419,11334,1.0
12419,11361,1.0
12419,11462,1.0
12419,11832,4.0
12419,12041,5.0
12419,12184,163.0
12419,12215,29.0
12419,13256,3.0
12419,13825,2.0
12419,13919,1.0
12419,13995,1.0
12419,14091,4.0
12419,15323,10.0
12419,15414,15.0
12419,15733,65.0
12419,16445,6.0
12419,16459,147.0
12419,16855,2.0
12419,17284,1.0
12419,17616,13.0
12419,19634,1.0
12419,20338,15.0
12419,21336,1.0
12419,31440,5.0
12419,36717,3.0
12517,10067,2.0
12517,10443,2.0
12517,10451,12.0
12517,11015,3.0
12517,12211,2.0
12517,12737,7.0
12517,13406,10.0
12517,14539,13.0
12517,103744,2.0
12517,515278,2.0
12517,550408,1.0
12614,10001,83.0
12614,10010,88.0
12614,10078,1.0
12614,10106,3.0
12614,10117,61.0
12614,10128,6.0
12614,10146,49.0
12614,10246,8.0
12614,10257,26.0
12614,10277,54.0
12614,10283,3.0
12614,10584,10.0
12614,10923,14.0
12614,10992,1.0
12614,11391,5.0
12614,11397,2.0
12614,11572,26.0
12614,11782,1.0
12614,12053,20.0
12614,12129,5.0
12614,12184,1.0
12614,13114,2.0
12614,13317,1.0
12614,14091,2.0
12614,17527,3.0
12614,22309,3.0
12614,27620,3.0
12614,31784,1.0
12614,33474,2.0
12614,34869,1.0
12614,36717,3.0
12614,46376,2.0
12628,10001,142.0
12628,10010,64.0
12628,10091,20.0
12628,10150,1.0
12628,10173,2.0
12628,10180,1.0
12628,10184,51.0
12628,10257,15.0
12628,10277,2.0
12628,10283,227.0
12628,10297,3.0
12628,10315,3.0
12628,10440,1.0
12628,10580,38.0
12628,10584,2.0
12628,10588,4.0
12628,10728,2.0
12628,10923,2.0
12628,10925,1.0
12628,10937,3.0
12628,10957,2.0
12628,10992,7.0
12628,11065,1.0
12628,11133,54.0
12628,11205,3.0
12628,11257,1.0
12628,11272,1.0
12628,11334,3.0
12628,11353,16.0
12628,11361,11.0
12628,11826,1.0
12628,11832,5.0
12628,12041,11.0
12628,12184,2.0
12628,12215,4.0
12628,12275,4.0
12628,12405,5.0
12628,12419,1.0
12628,13256,3.0
12628,13815,6.0
12628,13919,1.0
12628,14017,1.0
12628,14387,4.0
12628,14899,3.0
12628,15323,3.0
12628,16445,4.0
12628,16482,1.0
12628,16855,2.0
12628,16931,3.0
12628,17144,10.0
12628,17616,2.0
12628,17757,31.0
12628,18133,2.0
12628,18940,14.0
12628,20338,1.0
12628,21548,1.0
12628,21641,2.0
12628,28663,27.0
12628,31334,75.0
12628,31362,10.0
12628,31440,3.0
12628,48633,47.0
12628,57245,8.0
12628,61011,6.0
12628,65465,3.0
12628,802444,1.0
12628,804978,1.0
12628,809034,3.0
12628,810029,2.0
12628,813858,1.0
12628,817729,2.0
12737,10067,1.0
12737,10443,7.0
12737,10451,14.0
12737,11015,5.0
12737,12211,1.0
12737,12517,2.0
12737,13406,15.0
12737,14539,13.0
12737,134259,2.0
12737,166237,1.0
12737,218895,1.0
12737,515278,1.0
12771,10078,6.0
12771,10180,1.0
12771,10434,25.0
12771,11507,2.0
12771,12405,12.0
12771,14387,99.0
12771,17322,22.0
12771,20831,5.0
12771,30465,1.0
12771,31334,1.0
12771,46961,1.0
12857,10146,3.0
12857,10297,77.0
12857,10925,2.0
12857,11257,1.0
12857,11397,12.0
12857,11462,2.0
12857,11507,1.0
12857,11782,1.0
12857,13794,1.0
12857,13825,1.0
12857,15331,28.0
12857,15733,19.0
12857,16931,4.0
12857,18090,5.0
12857,18111,19.0
12857,18716,1.0
12857,19668,6.0
12857,21251,1.0
12857,33474,2.0
12857,34869,2.0
13114,10001,186.0
13114,10078,1.0
13114,10106,98.0
13114,10117,93.0
13114,10128,4.0
13114,10146,25.0
13114,10246,37.0
13114,10277,32.0
13114,10283,44.0
13114,10297,15.0
13114,10584,20.0
13114,10689,1.0
13114,10923,13.0
13114,10925,1.0
13114,10957,7.0
13114,11133,2.0
13114,11334,6.0
13114,11391,2.0
13114,11397,47.0
13114,11572,27.0
13114,12053,7.0
13114,12129,15.0
13114,12184,54.0
13114,12215,19.0
13114,12614,25.0
13114,13122,6.0
13114,13600,3.0
13114,13825,11.0
13114,13919,2.0
13114,14277,3.0
13114,15261,1.0
13114,15414,1.0
13114,15665,14.0
13114,15733,9.0
13114,16445,2.0
13114,16459,7.0
13114,16855,1.0
13114,17527,2.0
13114,17616,11.0
13114,18090,1.0
13114,19634,1.0
13114,20338,6.0
13114,21151,1.0
13114,21336,1.0
13114,21548,1.0
13114,21641,3.0
13114,22309,5.0
13114,22328,8.0
13114,27620,6.0
13114,29523,1.0
13114,30480,2.0
13114,31784,19.0
13114,33474,5.0
13114,34869,7.0
13114,36717,74.0
13114,46221,2.0
13122,10010,3.0
13122,10146,1.0
13122,10173,172.0
13122,11397,1.0
13122,11826,2.0
13122,12275,177.0
13122,13600,17.0
13122,15261,1.0
13122,16459,2.0
13256,10001,37.0
13256,10091,22.0
13256,10283,66.0
13256,10580,16.0
13256,10584,16.0
13256,10923,3.0
13256,10937,1.0
13256,10957,6.0
13256,11065,2.0
13256,11133,29.0
13256,11334,31.0
13256,11507,1.0
13256,11826,1.0
13256,12215,2.0
13256,12419,16.0
13256,12628,54.0
13256,13815,107.0
13256,13995,1.0
13256,15665,3.0
13256,17144,1.0
13256,21641,9.0
13256,27620,1.0
13256,31440,1.0
13263,10283,1.0
13263,10297,2.0
13263,11507,2.0
13263,12184,9.0
13263,15414,3.0
13263,17616,8.0
13263,18133,13.0
13263,18705,7.0
13317,10001,15.0
13317,10143,1.0
13317,10150,197.0
13317,11572,1.0
13317,11782,1.0
13317,12614,1.0
13317,15514,236.0
13317,17322,2.0
13317,20831,203.0
13406,10443,38.0
13406,10451,67.0
13406,12211,9.0
13406,12517,7.0
13406,12737,13.0
13406,14539,1.0
13406,17015,2.0
13406,38099,1.0
13406,50414,1.0
13406,515278,8.0
13406,521632,2.0
13406,525221,3.0
13406,535597,2.0
13578,10001,6.0
13578,10091,2.0
13578,10106,33.0
13578,10117,11.0
13578,10146,17.0
13578,10246,3.0
13578,10257,19.0
13578,10277,12.0
13578,10570,3.0
13578,10576,1.0
13578,10992,2.0
13578,11133,1.0
13578,11391,1.0
13578,11507,3.0
13578,11782,3.0
13578,12053,3.0
13578,12129,15.0
13578,13114,24.0
13578,15336,3.0
13578,15959,2.0
13578,16644,2.0
13578,17584,4.0
13578,17757,1.0
13578,18090,1.0
13578,18716,9.0
13578,20338,1.0
13578,21804,5.0
13578,30480,1.0
13578,46376,3.0
13578,64108,1.0
13600,10001,68.0
13600,10010,88.0
13600,10117,56.0
13600,10143,1.0
13600,10146,17.0
13600,10173,1.0
13600,10246,13.0
13600,10257,66.0
13600,10277,14.0
13600,10283,3.0
13600,10570,1.0
13600,10584,5.0
13600,10689,2.0
13600,10728,3.0
13600,10923,15.0
13600,10957,3.0
13600,10992,2.0
13600,11205,1.0
13600,11272,3.0
13600,11397,40.0
13600,11572,1.0
13600,11782,12.0
13600,12053,7.0
13600,12184,4.0
13600,12614,1.0
13600,12857,2.0
13600,13114,4.0
13600,13122,6.0
13600,13654,1.0
13600,13825,22.0
13600,14017,1.0
13600,15261,3.0
13600,15331,4.0
13600,16931,1.0
13600,17527,1.0
13600,18090,1.0
13600,22309,1.0
13600,27620,17.0
13600,28620,1.0
13600,29523,17.0
13600,31784,15.0
13600,34869,12.0
13600,36717,18.0
13600,46221,2.0
13600,74105,1.0
13654,10001,24.0
13654,10106,3.0
13654,10117,6.0
13654,10128,2.0
13654,10146,18.0
13654,10277,5.0
13654,10283,16.0
13654,10297,1.0
13654,10570,3.0
13654,10584,57.0
13654,10925,26.0
13654,11391,6.0
13654,11397,6.0
13654,11462,19.0
13654,11572,2.0
13654,12053,3.0
13654,12184,9.0
13654,12215,13.0
13654,12857,1.0
13654,13600,3.0
13654,13794,1.0
13654,13825,5.0
13654,13919,3.0
13654,14017,4.0
13654,15323,1.0
13654,16644,1.0
13654,16855,2.0
13654,20338,18.0
13654,21251,1.0
13654,28620,1.0
13654,31784,1.0
13654,46221,1.0
13794,10001,6.0
13794,10052,1.0
13794,10106,25.0
13794,10117,11.0
13794,10283,1.0
13794,10297,3.0
13794,10584,1.0
13794,10925,3.0
13794,10992,5.0
13794,11101,13.0
13794,11205,1.0
13794,11391,1.0
13794,11397,2.0
13794,11462,12.0
13794,11572,1.0
13794,11687,1.0
13794,11782,13.0
13794,11826,1.0
13794,12041,1.0
13794,12053,10.0
13794,12184,23.0
13794,12215,18.0
13794,12614,3.0
13794,12857,3.0
13794,13122,24.0
13794,13578,2.0
13794,13825,14.0
13794,13919,1.0
13794,14017,3.0
13794,14091,7.0
13794,14277,12.0
13794,15261,2.0
13794,15331,3.0
13794,15336,1.0
13794,15414,2.0
13794,15733,6.0
13794,16445,1.0
13794,16459,1.0
13794,16628,1.0
13794,16644,1.0
13794,16855,2.0
13794,17527,2.0
13794,17616,1.0
13794,18090,2.0
13794,18111,5.0
13794,18716,4.0
13794,19668,7.0
13794,20338,41.0
13794,21128,1.0
13794,21336,1.0
13794,21804,4.0
13794,22309,2.0
13794,30480,1.0
13794,31784,1.0
13794,36717,8.0
13815,10091,41.0
13815,10106,1.0
13815,10117,3.0
13815,10180,63.0
13815,10184,8.0
13815,10283,16.0
13815,10434,5.0
13815,10580,21.0
13815,10671,95.0
13815,10937,2.0
13815,10957,1.0
13815,11133,9.0
13815,11334,14.0
13815,11353,1.0
13815,11462,1.0
13815,11832,1.0
13815,12405,1.0
13815,12628,22.0
13815,13256,1.0
13815,13995,1.0
13815,14387,2.0
13815,14899,38.0
13815,15792,1.0
13815,17144,2.0
13815,17757,42.0
13815,18455,1.0
13815,18940,3.0
13815,28663,5.0
13815,31334,2.0
13815,31440,2.0
13815,48633,26.0
13815,57245,5.0
13815,61011,5.0
13815,810029,1.0
13815,817729,4.0
13815,907684,2.0
13825,10001,7.0
13825,10010,1.0
13825,10091,1.0
13825,10106,3.0
13825,10117,21.0
13825,10146,19.0
13825,10257,27.0
13825,10277,61.0
13825,10283,21.0
13825,10297,14.0
13825,10580,1.0
13825,10584,178.0
13825,10728,19.0
13825,10923,27.0
13825,10925,23.0
13825,10957,4.0
13825,10992,37.0
13825,11133,4.0
13825,11257,1.0
13825,11431,1.0
13825,11462,1.0
13825,11507,2.0
13825,11572,1.0
13825,11687,16.0
13825,11782,1.0
13825,11826,2.0
13825,11832,2.0
13825,12129,3.0
13825,12184,13.0
13825,12419,1.0
13825,12628,5.0
13825,13654,4.0
13825,13995,1.0
13825,15323,4.0
13825,15665,2.0
13825,15733,5.0
13825,15959,1.0
13825,16482,1.0
13825,17616,2.0
13825,18133,1.0
13825,19668,1.0
13825,20338,52.0
13825,20831,1.0
13825,21548,1.0
13825,22309,1.0
13825,27620,1.0
13825,31440,12.0
13825,33474,1.0
13825,36717,1.0
13825,39064,1.0
13825,58284,1.0
13919,10001,20.0
13919,10091,2.0
13919,10106,4.0
13919,10117,12.0
13919,10184,5.0
13919,10277,6.0
13919,10283,25.0
13919,10315,3.0
13919,10584,74.0
13919,10923,14.0
13919,10957,1.0
13919,10992,6.0
13919,11205,3.0
13919,11334,4.0
13919,11361,24.0
13919,11687,1.0
13919,11826,3.0
13919,11832,26.0
13919,12215,1.0
13919,12419,25.0
13919,13122,1.0
13919,13815,21.0
13919,14017,10.0
13919,15414,1.0
13919,15665,1.0
13919,15733,1.0
13919,16445,1.0
13919,16459,1.0
13919,16855,3.0
13919,16931,2.0
13919,17144,6.0
13919,18133,1.0
13919,21151,1.0
13919,21336,1.0
13919,27620,2.0
13919,31440,24.0
13919,33474,1.0
13919,46221,1.0
13995,10001,2.0
13995,10091,1.0
13995,10106,58.0
13995,10146,1.0
13995,10184,19.0
13995,10257,1.0
13995,10277,5.0
13995,10283,4.0
13995,10580,7.0
13995,10584,14.0
13995,10728,1.0
13995,10924,1.0
13995,10957,58.0
13995,10992,1.0
13995,11133,6.0
13995,11334,8.0
13995,11361,3.0
13995,11507,2.0
13995,12184,2.0
13995,12215,2.0
13995,12419,18.0
13995,13122,1.0
13995,15414,2.0
13995,15665,3.0
13995,16445,4.0
13995,16931,2.0
13995,17284,1.0
13995,17616,4.0
13995,18705,1.0
13995,21641,6.0
13995,31440,3.0
13995,33474,1.0
13995,39064,9.0
13995,58284,5.0
13995,225466,23.0
14017,10001,36.0
14017,10091,1.0
14017,10106,10.0
14017,10117,20.0
14017,10146,22.0
14017,10184,9.0
14017,10277,15.0
14017,10283,49.0
14017,10297,2.0
14017,10315,5.0
14017,10570,2.0
14017,10584,92.0
14017,10923,13.0
14017,10925,1.0
14017,10957,5.0
14017,10992,1.0
14017,11101,2.0
14017,11133,1.0
14017,11205,2.0
14017,11334,14.0
14017,11361,37.0
14017,11397,10.0
14017,11507,1.0
14017,11826,1.0
14017,11832,21.0
14017,12129,2.0
14017,12184,11.0
14017,12215,4.0
14017,12275,1.0
14017,12419,18.0
14017,12614,1.0
14017,12628,4.0
14017,13263,1.0
14017,13654,1.0
14017,13815,22.0
14017,13825,1.0
14017,13919,17.0
14017,15336,1.0
14017,16445,1.0
14017,16855,3.0
14017,16931,2.0
14017,17144,7.0
14017,17284,1.0
14017,17616,3.0
14017,18133,2.0
14017,18705,4.0
14017,21641,2.0
14017,22309,5.0
14017,27620,7.0
14017,31440,12.0
14017,31784,1.0
14017,34869,3.0
14063,10184,5.0
14063,10315,1.0
14063,10434,2.0
14063,10440,1.0
14063,10671,2.0
14063,11065,1.0
14063,11361,4.0
14063,11431,1.0
14063,11832,8.0
14063,12053,1.0
14063,12405,5.0
14063,13317,2.0
14063,14113,1.0
14063,14277,1.0
14063,14793,2.0
14063,14863,2.0
14063,14899,3.0
14063,15959,1.0
14063,16338,1.0
14063,16931,1.0
14063,17757,1.0
14063,18090,3.0
14063,18940,3.0
14063,24115,1.0
14063,31334,2.0
14063,46961,1.0
14063,64108,3.0
14063,80724,1.0
14063,802425,1.0
14063,803126,1.0
14063,806001,1.0
14063,806465,1.0
14063,807245,2.0
14063,807678,1.0
14063,808085,1.0
14063,809503,1.0
14091,10001,68.0
14091,10010,29.0
14091,10091,2.0
14091,10106,1.0
14091,10173,1.0
14091,10257,16.0
14091,10277,8.0
14091,10283,3.0
14091,10728,7.0
14091,10923,38.0
14091,10957,9.0
14091,11133,2.0
14091,11205,1.0
14091,11272,3.0
14091,11334,2.0
14091,11572,1.0
14091,12184,5.0
14091,12215,1.0
14091,12419,17.0
14091,12614,1.0
14091,13122,3.0
14091,15665,21.0
14091,16855,2.0
14091,16931,1.0
14091,28620,1.0
14091,33474,3.0
14091,39064,2.0
14113,10078,18.0
14113,10091,1.0
14113,10184,13.0
14113,10315,2.0
14113,10440,1.0
14113,10588,5.0
14113,10689,1.0
14113,11205,1.0
14113,11257,8.0
14113,12771,4.0
14113,13317,1.0
14113,14063,2.0
14113,14387,2.0
14113,14863,11.0
14113,14899,22.0
14113,16542,12.0
14113,16931,6.0
14113,17322,75.0
14113,18940,2.0
14113,64108,7.0
14113,80419,8.0
14113,80724,14.0
14113,810029,2.0
14277,10001,5.0
14277,10010,5.0
14277,10106,6.0
14277,10117,3.0
14277,10128,2.0
14277,10146,12.0
14277,10257,2.0
14277,10277,3.0
14277,10570,1.0
14277,10584,1.0
14277,10923,13.0
14277,10925,1.0
14277,11361,1.0
14277,11391,4.0
14277,11397,1.0
14277,11462,1.0
14277,11782,4.0
14277,12053,3.0
14277,12129,12.0
14277,12215,1.0
14277,12614,19.0
14277,13114,3.0
14277,13317,1.0
14277,13825,1.0
14277,14091,5.0
14277,15261,1.0
14277,15336,13.0
14277,15665,1.0
14277,15733,1.0
14277,15959,3.0
14277,16644,8.0
14277,16983,1.0
14277,17527,9.0
14277,17584,1.0
14277,17616,2.0
14277,18090,1.0
14277,18716,4.0
14277,18957,1.0
14277,21251,12.0
14277,29523,1.0
14277,31784,2.0
14277,74105,1.0
14379,10001,1.0
14379,10078,46.0
14379,10143,1.0
14379,10180,2.0
14379,11397,6.0
14379,15559,1.0
14387,10180,1.0
14387,10184,2.0
14387,10315,2.0
14387,11257,3.0
14387,11334,1.0
14387,11361,2.0
14387,12771,1.0
14387,14113,1.0
14387,14899,6.0
14387,17322,1.0
14387,18940,5.0
14387,24115,2.0
14387,30465,13.0
14387,36102,6.0
14387,46961,5.0
14387,811137,1.0
14419,10402,2.0
14419,10841,1.0
14419,11761,1.0
14419,14573,1.0
14419,18959,4.0
14502,14899,1.0
14502,17416,1.0
14502,47608,1.0
14502,803277,1.0
14539,10443,85.0
14539,10451,70.0
14539,12211,6.0
14539,12517,12.0
14539,12737,17.0
14539,13406,2.0
14539,17015,3.0
14539,25244,1.0
14539,32610,2.0
14539,32740,1.0
14539,35655,2.0
14539,38640,4.0
14539,66375,1.0
14539,69912,1.0
14539,143872,1.0
14539,515278,8.0
14539,525221,2.0
14539,535597,1.0
14539,546552,1.0
14573,10402,30.0
14573,11761,14.0
14600,10689,1.0
14600,14502,5.0
14600,16338,1.0
14600,17253,2.0
14600,46376,1.0
14600,801943,4.0
14600,805620,1.0
14600,807314,15.0
14793,10180,2.0
14793,11011,24.0
14793,14063,1.0
14793,14899,4.0
14793,15291,5.0
14793,18957,2.0
14793,31334,3.0
14793,57245,3.0
14793,806128,1.0
14863,10001,1.0
14863,10078,11.0
14863,10184,4.0
14863,10315,2.0
14863,10434,12.0
14863,10440,1.0
14863,10588,1.0
14863,11065,1.0
14863,11205,1.0
14863,11257,17.0
14863,11832,1.0
14863,13317,3.0
14863,14113,5.0
14863,14899,37.0
14863,16542,5.0
14863,16931,10.0
14863,17322,61.0
14863,18940,3.0
14863,36102,2.0
14863,64108,15.0
14863,80419,23.0
14863,80724,16.0
14863,806128,3.0
14863,810029,7.0
14863,813858,3.0
14899,10001,49.0
14899,10010,73.0
14899,10091,11.0
14899,10106,6.0
14899,10117,31.0
14899,10184,6.0
14899,10283,6.0
14899,10434,8.0
14899,10580,102.0
14899,10584,19.0
14899,10671,2.0
14899,10923,60.0
14899,10957,12.0
14899,11133,79.0
14899,11257,1.0
14899,11334,1.0
14899,11782,6.0
14899,12053,3.0
14899,12628,40.0
14899,13815,58.0
14899,14502,1.0
14899,17322,1.0
14899,17757,213.0
14899,18940,3.0
14899,28663,9.0
14899,31334,5.0
14899,36102,15.0
14899,48633,28.0
14899,57245,84.0
14899,61011,9.0
14899,65465,1.0
14899,809034,13.0
14899,810029,2.0
14899,815910,4.0
14899,911199,1.0
15261,10001,27.0
15261,10010,44.0
15261,10078,1.0
15261,10117,34.0
15261,10146,13.0
15261,10173,1.0
15261,10246,2.0
15261,10257,42.0
15261,10277,3.0
15261,10283,11.0
15261,10570,2.0
15261,10584,5.0
15261,10728,1.0
15261,10923,8.0
15261,10992,4.0
15261,11397,23.0
15261,11507,2.0
15261,11782,17.0
15261,12053,12.0
15261,12129,2.0
15261,12184,4.0
15261,12857,3.0
15261,13600,4.0
15261,13825,3.0
15261,14091,1.0
15261,15331,4.0
15261,15733,1.0
15261,15959,2.0
15261,16644,2.0
15261,18090,2.0
15261,22309,10.0
15261,27620,6.0
15261,29523,11.0
15261,31784,5.0
15261,34869,3.0
15261,36717,8.0
15261,46221,1.0
15291,10001,7.0
15291,10315,1.0
15291,11431,2.0
15291,13794,1.0
15291,14063,1.0
15291,14277,4.0
15291,15959,10.0
15291,16931,5.0
15291,17416,1.0
15291,18090,15.0
15291,18957,7.0
15291,31334,4.0
15291,802425,4.0
15291,804185,5.0
15291,804978,1.0
15291,805170,3.0
15291,806001,1.0
15323,10001,25.0
15323,10091,1.0
15323,10106,17.0
15323,10117,58.0
15323,10128,1.0
15323,10146,53.0
15323,10184,3.0
15323,10277,53.0
15323,10283,27.0
15323,10297,4.0
15323,10315,4.0
15323,10580,1.0
15323,10584,146.0
15323,10923,136.0
15323,10925,9.0
15323,10957,90.0
15323,11101,13.0
15323,11133,1.0
15323,11205,1.0
15323,11257,2.0
15323,11272,1.0
15323,11334,30.0
15323,11361,15.0
15323,11462,21.0
15323,11687,4.0
15323,11826,2.0
15323,11832,5.0
15323,12041,1.0
15323,12184,3.0
15323,12215,4.0
15323,12419,14.0
15323,12628,2.0
15323,13794,5.0
15323,13825,3.0
15323,13919,1.0
15323,14017,2.0
15323,14091,16.0
15323,15336,1.0
15323,15414,5.0
15323,15665,1.0
15323,16445,17.0
15323,16482,1.0
15323,16855,1.0
15323,16931,4.0
15323,17144,5.0
15323,17284,2.0
15323,17616,14.0
15323,18090,6.0
15323,18111,2.0
15323,18716,2.0
15323,21641,2.0
15323,27620,18.0
15323,28620,4.0
15323,29523,26.0
15323,31440,3.0
15323,31784,1.0
15323,33474,1.0
15323,34869,2.0
15323,46221,5.0
15331,10117,1.0
15331,10128,1.0
15331,10297,33.0
15331,10841,2.0
15331,11353,1.0
15331,11361,2.0
15331,11397,3.0
15331,12857,41.0
15331,15733,3.0
15331,16931,7.0
15331,18090,5.0
15336,10001,23.0
15336,10106,4.0
15336,10117,15.0
15336,10128,4.0
15336,10146,24.0
15336,10277,12.0
15336,10570,2.0
15336,10584,12.0
15336,10923,1.0
15336,10925,5.0
15336,11572,1.0
15336,11782,1.0
15336,12053,9.0
15336,12614,1.0
15336,13114,1.0
15336,13600,1.0
15336,14017,1.0
15336,14277,1.0
15336,15323,4.0
15336,15331,1.0
15336,15733,1.0
15336,16445,4.0
15336,17527,3.0
15336,17616,7.0
15336,18111,2.0
15336,21128,1.0
15336,27620,3.0
15336,28620,5.0
15336,29523,1.0
15336,34869,2.0
15336,46221,3.0
15414,10001,39.0
15414,10091,6.0
15414,10106,15.0
15414,10117,14.0
15414,10146,46.0
15414,10184,1.0
15414,10277,45.0
15414,10283,59.0
15414,10297,1.0
15414,10580,7.0
15414,10584,150.0
15414,10728,1.0
15414,10923,59.0
15414,10957,16.0
15414,11133,12.0
15414,11205,1.0
15414,11334,12.0
15414,11361,6.0
15414,11826,26.0
15414,11832,8.0
15414,12041,22.0
15414,12184,6.0
15414,12215,9.0
15414,12275,1.0
15414,12628,4.0
15414,13919,1.0
15414,13995,1.0
15414,14017,1.0
15414,15323,3.0
15414,15665,7.0
15414,16445,40.0
15414,16482,15.0
15414,16628,1.0
15414,16931,1.0
15414,17144,9.0
15414,17616,35.0
15414,18133,1.0
15414,20338,1.0
15414,21641,1.0
15414,27620,11.0
15414,29523,3.0
15414,31440,2.0
15414,33474,2.0
15414,34869,2.0
15479,10443,1.0
15479,12737,3.0
15479,18061,1.0
15479,21320,13.0
15479,48134,4.0
15479,49374,4.0
15479,56387,3.0
15479,69912,41.0
15479,83558,11.0
15479,123609,1.0
15479,143872,37.0
15479,147126,1.0
15479,149919,1.0
15479,160373,18.0
15479,166237,6.0
15479,166430,4.0
15479,209958,3.0
15479,515278,1.0
15479,532354,13.0
15479,532671,9.0
15479,550760,2.0
15514,10067,1.0
15514,10143,1.0
15514,10150,3.0
15514,10257,1.0
15514,11353,1.0
15514,12405,1.0
15514,13317,4.0
15514,15323,1.0
15514,15414,2.0
15514,20831,3.0
15514,21641,3.0
15559,10052,1.0
15559,11687,3.0
15559,12053,2.0
15559,14113,1.0
15559,14379,6.0
15559,14863,1.0
15559,15291,2.0
15559,15639,19.0
15559,17322,1.0
15559,17527,14.0
15559,17757,1.0
15559,18957,1.0
15625,10067,1.0
15625,11015,2.0
15625,21415,1.0
15625,22759,19.0
15625,53445,46.0
15625,53613,14.0
15625,54580,8.0
15625,56107,4.0
15625,68582,2.0
15625,80896,1.0
15625,123360,6.0
15625,126208,3.0
15625,150916,9.0
15625,164073,12.0
15625,166160,4.0
15625,189354,2.0
15625,200486,3.0
15625,203402,2.0
15625,206504,3.0
15625,532354,1.0
15625,537429,7.0
15625,546132,4.0
15625,550408,15.0
15639,11687,1.0
15639,14379,1.0
15639,14793,1.0
15639,15291,1.0
15639,15559,10.0
15639,17527,7.0
15639,18957,1.0
15639,911199,1.0
15665,10001,184.0
15665,10106,81.0
15665,10117,85.0
15665,10128,1.0
15665,10146,71.0
15665,10173,2.0
15665,10246,6.0
15665,10277,61.0
15665,10283,44.0
15665,10297,3.0
15665,10315,5.0
15665,10570,1.0
15665,10584,63.0
15665,10923,48.0
15665,10925,2.0
15665,10957,34.0
15665,11133,3.0
15665,11334,6.0
15665,11391,2.0
15665,11397,5.0
15665,11462,1.0
15665,11572,1.0
15665,12053,1.0
15665,12184,5.0
15665,12215,2.0
15665,12275,2.0
15665,12419,1.0
15665,12614,1.0
15665,12628,1.0
15665,13114,11.0
15665,13122,11.0
15665,13825,25.0
15665,13995,1.0
15665,14017,3.0
15665,14091,4.0
15665,15323,1.0
15665,15414,1.0
15665,15733,2.0
15665,16445,1.0
15665,16459,2.0
15665,16855,2.0
15665,16931,5.0
15665,17616,5.0
15665,18090,1.0
15665,19634,7.0
15665,20338,1.0
15665,21151,1.0
15665,21336,9.0
15665,21548,1.0
15665,21641,5.0
15665,21804,1.0
15665,22034,12.0
15665,22309,9.0
15665,22328,19.0
15665,27620,26.0
15665,29523,24.0
15665,31784,21.0
15665,33474,5.0
15665,34869,21.0
15665,36717,5.0
15733,10001,29.0
15733,10010,44.0
15733,10091,1.0
15733,10106,6.0
15733,10117,12.0
15733,10146,36.0
15733,10257,3.0
15733,10277,29.0
15733,10283,2.0
15733,10297,1.0
15733,10580,2.0
15733,10584,7.0
15733,10923,20.0
15733,10925,4.0
15733,10957,8.0
15733,10992,3.0
15733,11133,3.0
15733,11272,8.0
15733,11334,2.0
15733,11361,1.0
15733,11397,1.0
15733,11507,2.0
15733,11572,1.0
15733,11826,1.0
15733,11832,1.0
15733,12129,5.0
15733,12184,2.0
15733,12419,4.0
15733,12614,2.0
15733,12628,2.0
15733,13600,3.0
15733,13794,1.0
15733,15331,1.0
15733,15665,9.0
15733,16482,1.0
15733,17527,1.0
15733,21151,1.0
15733,21548,1.0
15733,22309,1.0
15733,22328,2.0
15733,28620,3.0
15733,33474,9.0
15733,36717,1.0
15792,10091,12.0
15792,10184,8.0
15792,10283,4.0
15792,10937,15.0
15792,10992,37.0
15792,11133,3.0
15792,11334,5.0
15792,11507,1.0
15792,12184,10.0
15792,12215,118.0
15792,12419,29.0
15792,12628,20.0
15792,13815,6.0
15792,13919,1.0
15792,14017,1.0
15792,15323,2.0
15792,16445,40.0
15792,16482,4.0
15792,17584,4.0
15792,17616,1.0
15792,31440,2.0
15959,10001,37.0
15959,10010,7.0
15959,10091,1.0
15959,10106,2.0
15959,10117,15.0
15959,10146,4.0
15959,10246,1.0
15959,10584,6.0
15959,10728,6.0
15959,10923,2.0
15959,10925,1.0
15959,11133,2.0
15959,11397,2.0
15959,12184,1.0
15959,12614,1.0
15959,13825,1.0
15959,15665,2.0
15959,16855,1.0
15959,17527,1.0
15959,21251,1.0
15959,21641,1.0
15959,21804,1.0
15959,27620,1.0
15959,33474,1.0
16338,10091,5.0
16338,10128,15.0
16338,10689,3.0
16338,11011,1.0
16338,11391,9.0
16338,14063,1.0
16338,14502,2.0
16338,14600,1.0
16338,18455,2.0
16338,31362,1.0
16338,47608,1.0
16338,80419,2.0
16338,80724,1.0
16338,801743,30.0
16338,801943,4.0
16338,803277,50.0
16338,803420,43.0
16338,805620,2.0
16338,805752,8.0
16338,807314,10.0
16338,809503,12.0
16338,812693,1.0
16338,907888,7.0
16445,10001,128.0
16445,10010,8.0
16445,10091,9.0
16445,10106,28.0
16445,10117,57.0
16445,10146,59.0
16445,10184,7.0
16445,10246,1.0
16445,10277,65.0
16445,10283,58.0
16445,10297,3.0
16445,10580,13.0
16445,10584,160.0
16445,10689,1.0
16445,10728,1.0
16445,10923,55.0
16445,10925,3.0
16445,10937,1.0
16445,10957,42.0
16445,11101,2.0
16445,11133,18.0
16445,11205,3.0
16445,11334,33.0
16445,11361,14.0
16445,11507,1.0
16445,11572,1.0
16445,11687,3.0
16445,11826,7.0
16445,11832,12.0
16445,12041,7.0
16445,12129,2.0
16445,12184,12.0
16445,12215,11.0
16445,12419,2.0
16445,12628,12.0
16445,13114,3.0
16445,13263,3.0
16445,13794,1.0
16445,13815,1.0
16445,13825,1.0
16445,13995,9.0
16445,15323,15.0
16445,15414,9.0
16445,15665,3.0
16445,15733,6.0
16445,15792,1.0
16445,16459,1.0
16445,16482,8.0
16445,16855,1.0
16445,16931,1.0
16445,17144,4.0
16445,17616,7.0
16445,18111,2.0
16445,18133,2.0
16445,20831,1.0
16445,21641,4.0
16445,22309,1.0
16445,27620,7.0
16445,28620,23.0
16445,29523,16.0
16445,31440,4.0
16445,31784,1.0
16445,34869,6.0
16445,36717,1.0
16445,39064,1.0
16445,46221,3.0
16445,46376,1.0
16459,10001,32.0
16459,10010,9.0
16459,10106,21.0
16459,10117,2.0
16459,10146,26.0
16459,10173,1.0
16459,10257,12.0
16459,10277,4.0
16459,10584,2.0
16459,10992,8.0
16459,11101,1.0
16459,11397,2.0
16459,11507,1.0
16459,11826,2.0
16459,12215,3.0
16459,12275,1.0
16459,12419,1.0
16459,13114,1.0
16459,13122,8.0
16459,13600,1.0
16459,13825,2.0
16459,13919,2.0
16459,14091,1.0
16459,16445,3.0
16459,16628,3.0
16459,19634,4.0
16459,20338,2.0
16459,21151,1.0
16459,21336,4.0
16459,21548,1.0
16459,21804,2.0
16459,22034,6.0
16459,22328,8.0
16459,30480,3.0
16459,33474,1.0
16482,10001,13.0
16482,10010,174.0
16482,10091,23.0
16482,10173,27.0
16482,10184,5.0
16482,10257,70.0
16482,10283,27.0
16482,10580,28.0
16482,10584,1.0
16482,10671,1.0
16482,10728,2.0
16482,10923,12.0
16482,10957,2.0
16482,10992,9.0
16482,11101,1.0
16482,11133,12.0
16482,11272,2.0
16482,11334,4.0
16482,11361,3.0
16482,11507,1.0
16482,11687,1.0
16482,11832,10.0
16482,12215,2.0
16482,12275,16.0
16482,12628,10.0
16482,14091,4.0
16482,15323,3.0
16482,16445,7.0
16482,16931,1.0
16482,17144,6.0
16482,17584,21.0
16482,17616,1.0
16482,18090,1.0
16482,18705,2.0
16482,29523,1.0
16482,31440,4.0
16542,10078,6.0
16542,10143,1.0
16542,10184,1.0
16542,10315,1.0
16542,10588,23.0
16542,10671,1.0
16542,11361,2.0
16542,12628,2.0
16542,14113,7.0
16542,14863,8.0
16542,14899,47.0
16542,17322,16.0
16542,64108,12.0
16542,80419,7.0
16542,80724,35.0
16542,810029,10.0
16628,10001,53.0
16628,10106,9.0
16628,10117,72.0
16628,10146,65.0
16628,10277,46.0
16628,10297,6.0
16628,10584,9.0
16628,10923,2.0
16628,11397,5.0
16628,11826,11.0
16628,12184,3.0
16628,12215,41.0
16628,12419,8.0
16628,13122,4.0
16628,13794,33.0
16628,13825,1.0
16628,15414,3.0
16628,15733,5.0
16628,16459,30.0
16628,16855,1.0
16628,17284,2.0
16628,17616,1.0
16628,18090,2.0
16628,19634,2.0
16628,20338,1.0
16628,21151,7.0
16628,21336,4.0
16628,21548,8.0
16628,21641,4.0
16628,21804,2.0
16628,22034,3.0
16628,22309,4.0
16628,31784,3.0
16644,10001,10.0
16644,10106,5.0
16644,10117,6.0
16644,10128,14.0
16644,10146,3.0
16644,10277,1.0
16644,10925,61.0
16644,11391,1.0
16644,11782,3.0
16644,12053,4.0
16644,12129,1.0
16644,12614,2.0
16644,13114,6.0
16644,15323,1.0
16644,15331,1.0
16644,15336,2.0
16644,16445,1.0
16644,17527,2.0
16644,17616,5.0
16644,27620,2.0
16644,28620,1.0
16644,29523,1.0
16644,46221,4.0
16644,46376,1.0
16855,10001,5.0
16855,10146,7.0
16855,10257,1.0
16855,10277,7.0
16855,10283,4.0
16855,10297,2.0
16855,10584,1.0
16855,11257,1.0
16855,11334,1.0
16855,11353,2.0
16855,11397,2.0
16855,11462,3.0
16855,11687,2.0
16855,16459,1.0
16855,17284,2.0
16855,21336,1.0
16855,31440,1.0
16931,10001,104.0
16931,10010,136.0
16931,10091,18.0
16931,10117,4.0
16931,10143,2.0
16931,10146,1.0
16931,10283,2.0
16931,10315,15.0
16931,10440,1.0
16931,10580,23.0
16931,10584,2.0
16931,10588,1.0
16931,10923,115.0
16931,10957,1.0
16931,10992,9.0
16931,11133,32.0
16931,11205,4.0
16931,11334,14.0
16931,11361,5.0
16931,11832,4.0
16931,12041,14.0
16931,12215,1.0
16931,12628,25.0
16931,13122,1.0
16931,13256,1.0
16931,13825,2.0
16931,14899,1.0
16931,15665,1.0
16931,18133,3.0
16931,27620,5.0
16931,29523,7.0
16931,34869,2.0
16983,10143,1.0
16983,10257,3.0
16983,11782,147.0
16983,12053,44.0
16983,46376,3.0
17015,10443,3.0
17015,10451,3.0
17015,13406,8.0
17015,14539,7.0
17015,25244,2.0
17015,32740,1.0
17015,46048,7.0
17015,51528,2.0
17015,51744,2.0
17015,92772,1.0
17015,123218,1.0
17015,149919,2.0
17015,515278,9.0
17144,10001,151.0
17144,10091,56.0
17144,10106,9.0
17144,10184,4.0
17144,10283,87.0
17144,10315,1.0
17144,10580,32.0
17144,10584,6.0
17144,10728,10.0
17144,10923,13.0
17144,11133,37.0
17144,11205,1.0
17144,11272,1.0
17144,11334,1.0
17144,11361,7.0
17144,11832,1.0
17144,12041,2.0
17144,12184,20.0
17144,12215,23.0
17144,12419,19.0
17144,12628,90.0
17144,13256,1.0
17144,13815,2.0
17144,13995,11.0
17144,14017,1.0
17144,15323,3.0
17144,15414,3.0
17144,16445,16.0
17144,16482,2.0
17144,17616,9.0
17144,18133,1.0
17144,18705,1.0
17144,21641,2.0
17144,27620,1.0
17144,31440,7.0
17144,39064,17.0
17253,10078,5.0
17253,10128,1.0
17253,10689,3.0
17253,11272,5.0
17253,12771,1.0
17253,17322,2.0
17253,74105,2.0
17253,80419,1.0
17253,80724,2.0
17253,801143,4.0
17253,803277,2.0
17253,803564,1.0
17253,803702,10.0
17253,805620,3.0
17253,805752,2.0
17253,806465,18.0
17253,807314,1.0
17253,812693,4.0
17253,909325,3.0
17284,10001,5.0
17284,10117,26.0
17284,10146,15.0
17284,10173,1.0
17284,10277,13.0
17284,10283,8.0
17284,10297,2.0
17284,10315,1.0
17284,10584,39.0
17284,10728,2.0
17284,10923,4.0
17284,10925,1.0
17284,10957,39.0
17284,11133,1.0
17284,11272,1.0
17284,11334,7.0
17284,11397,1.0
17284,11687,1.0
17284,11826,1.0
17284,11832,1.0
17284,12041,1.0
17284,12184,2.0
17284,12215,1.0
17284,12419,15.0
17284,13122,1.0
17284,14017,1.0
17284,15323,4.0
17284,15414,1.0
17284,15665,13.0
17284,15733,1.0
17284,16445,2.0
17284,16459,1.0
17284,16855,1.0
17284,21641,10.0
17284,21804,2.0
17284,22034,1.0
17284,29523,1.0
17284,31784,1.0
17284,33474,10.0
17284,34869,2.0
17284,36717,1.0
17322,10091,37.0
17322,10434,6.0
17322,10440,33.0
17322,10588,1.0
17322,11065,23.0
17322,11133,2.0
17322,11353,6.0
17322,12405,1.0
17322,12628,51.0
17322,12771,1.0
17322,13815,2.0
17322,14063,1.0
17322,14113,4.0
17322,14387,1.0
17322,14863,10.0
17322,17757,1.0
17416,10146,4.0
17416,10283,57.0
17416,10584,89.0
17416,10841,4.0
17416,11431,19.0
17416,11462,2.0
17416,11687,63.0
17416,12041,3.0
17416,13794,1.0
17416,15291,1.0
17416,17757,2.0
17416,18957,10.0
17527,10001,4.0
17527,10052,1.0
17527,10106,9.0
17527,10117,13.0
17527,10146,16.0
17527,10277,31.0
17527,10283,14.0
17527,10297,39.0
17527,10315,7.0
17527,10570,1.0
17527,10584,17.0
17527,10923,1.0
17527,10925,6.0
17527,10957,4.0
17527,11397,15.0
17527,11462,1.0
17527,11507,1.0
17527,11572,1.0
17527,11782,3.0
17527,12053,3.0
17527,12215,1.0
17527,12614,4.0
17527,13114,1.0
17527,13122,1.0
17527,13794,2.0
17527,13825,15.0
17527,14277,1.0
17527,15331,1.0
17527,15336,1.0
17527,15733,4.0
17527,15959,3.0
17527,16855,4.0
17527,17284,2.0
17527,18090,12.0
17527,20338,2.0
17527,21548,18.0
17527,27620,1.0
17527,28620,1.0
17527,31784,2.0
17527,33474,13.0
17527,34869,2.0
17527,36717,1.0
17527,46221,1.0
17584,10010,11.0
17584,10078,1.0
17584,10246,1.0
17584,10257,35.0
17584,10283,3.0
17584,10580,2.0
17584,10671,2.0
17584,10728,3.0
17584,10923,18.0
17584,10957,4.0
17584,10992,4.0
17584,11272,2.0
17584,11334,7.0
17584,11361,12.0
17584,11462,1.0
17584,11687,1.0
17584,11832,8.0
17584,12628,2.0
17584,14091,2.0
17584,15323,2.0
17584,16482,14.0
17584,17144,1.0
17584,18133,3.0
17584,29523,4.0
17616,10001,74.0
17616,10010,3.0
17616,10091,4.0
17616,10106,18.0
17616,10117,32.0
17616,10146,96.0
17616,10277,75.0
17616,10283,61.0
17616,10297,3.0
17616,10580,9.0
17616,10584,138.0
17616,10923,113.0
17616,10925,1.0
17616,10937,1.0
17616,10957,25.0
17616,11133,10.0
17616,11257,1.0
17616,11334,17.0
17616,11353,1.0
17616,11361,2.0
17616,11462,1.0
17616,11826,5.0
17616,11832,18.0
17616,12041,2.0
17616,12184,12.0
17616,12215,5.0
17616,12419,4.0
17616,12628,4.0
17616,13256,1.0
17616,13578,2.0
17616,13794,4.0
17616,13825,1.0
17616,13995,2.0
17616,14017,1.0
17616,14277,1.0
17616,15323,13.0
17616,15414,10.0
17616,15665,5.0
17616,16445,9.0
17616,16459,1.0
17616,16482,2.0
17616,16855,1.0
17616,17144,13.0
17616,17284,1.0
17616,17527,1.0
17616,18090,3.0
17616,20338,2.0
17616,21548,1.0
17616,27620,15.0
17616,29523,1.0
17616,31440,5.0
17616,33474,4.0
17616,34869,1.0
17616,46221,2.0
17757,10078,5.0
17757,10091,1.0
17757,10106,1.0
17757,10184,3.0
17757,10957,2.0
17757,13578,15.0
17757,14899,1.0
17757,17322,1.0
17757,18455,3.0
17757,36102,2.0
17757,46376,1.0
17757,48633,4.0
17757,61011,4.0
17757,74105,4.0
17757,801143,4.0
17757,803126,18.0
17757,803420,2.0
18061,21320,13.0
18061,48134,5.0
18061,83558,1.0
18061,160373,2.0
18090,10001,31.0
18090,10010,65.0
18090,10106,12.0
18090,10117,67.0
18090,10146,3.0
18090,10173,1.0
18090,10257,3.0
18090,10277,6.0
18090,10584,1.0
18090,10728,1.0
18090,10923,29.0
18090,10925,1.0
18090,11101,1.0
18090,11507,2.0
18090,12215,1.0
18090,12419,1.0
18090,13600,1.0
18090,13794,2.0
18090,15665,1.0
18090,22309,2.0
18111,10001,27.0
18111,10106,2.0
18111,10117,8.0
18111,10146,14.0
18111,10277,1.0
18111,10283,1.0
18111,10584,17.0
18111,10925,1.0
18111,10957,1.0
18111,11397,1.0
18111,11462,33.0
18111,11782,10.0
18111,12053,6.0
18111,12184,2.0
18111,12857,82.0
18111,13794,1.0
18111,13825,2.0
18111,13919,1.0
18111,14277,3.0
18111,15323,2.0
18111,15331,2.0
18111,15336,2.0
18111,16644,2.0
18111,16855,13.0
18111,17284,1.0
18111,17527,1.0
18111,17616,1.0
18111,18716,2.0
18111,19668,5.0
18111,21251,41.0
18111,21548,1.0
18111,21641,1.0
18111,22309,1.0
18111,28620,1.0
18111,31784,10.0
18111,33474,1.0
18111,36717,3.0
18133,10001,11.0
18133,10091,2.0
18133,10106,6.0
18133,10146,3.0
18133,10184,1.0
18133,10283,23.0
18133,10580,1.0
18133,10584,23.0
18133,10728,2.0
18133,10923,1.0
18133,10925,3.0
18133,10937,1.0
18133,10957,17.0
18133,11133,3.0
18133,11334,1.0
18133,11361,22.0
18133,11462,1.0
18133,11507,1.0
18133,11687,22.0
18133,11832,22.0
18133,12041,4.0
18133,12184,3.0
18133,12215,3.0
18133,12419,31.0
18133,12628,1.0
18133,13815,14.0
18133,14017,1.0
18133,15414,2.0
18133,16445,1.0
18133,16855,8.0
18133,17144,3.0
18133,17584,1.0
18133,18705,11.0
18133,21641,3.0
18133,27620,6.0
18133,28620,1.0
18133,29523,2.0
18133,31440,4.0
18133,34869,4.0
18455,14600,2.0
18455,16338,53.0
18455,17253,7.0
18455,46376,1.0
18455,47608,26.0
18455,801943,2.0
18455,802425,3.0
18455,804185,10.0
18455,805863,3.0
18455,806001,2.0
18455,806465,1.0
18455,807314,3.0
18455,812267,3.0
18455,816764,10.0
18455,908816,14.0
18455,909325,2.0
18455,911199,23.0
18675,36653,1.0
18705,10001,12.0
18705,10091,1.0
18705,10106,2.0
18705,10184,2.0
18705,10283,27.0
18705,10297,1.0
18705,10580,1.0
18705,10584,19.0
18705,10923,3.0
18705,10925,3.0
18705,10957,12.0
18705,11133,2.0
18705,11334,4.0
18705,11361,10.0
18705,11687,17.0
18705,11826,1.0
18705,11832,14.0
18705,12041,3.0
18705,12184,10.0
18705,12215,8.0
18705,12419,27.0
18705,12628,2.0
18705,13815,6.0
18705,13825,1.0
18705,13919,4.0
18705,13995,1.0
18705,14017,3.0
18705,15323,3.0
18705,15414,1.0
18705,16482,1.0
18705,16855,8.0
18705,17144,10.0
18705,18133,13.0
18705,20338,1.0
18705,27620,4.0
18705,29523,1.0
18705,31440,7.0
18705,36717,1.0
18716,10001,1.0
18716,10117,2.0
18716,10146,1.0
18716,10570,1.0
18716,10584,3.0
18716,10925,4.0
18716,11397,1.0
18716,11462,33.0
18716,11782,1.0
18716,12053,1.0
18716,12857,16.0
18716,14277,22.0
18716,15323,1.0
18716,15331,2.0
18716,15336,1.0
18716,16644,3.0
18716,16855,1.0
18716,18090,1.0
18716,18111,4.0
18716,20338,1.0
18716,21251,37.0
18716,31784,1.0
18919,20971,3.0
18919,51099,78.0
18919,80529,1.0
18919,93013,27.0
18919,111999,1.0
18919,145695,1.0
18940,10001,5.0
18940,10078,4.0
18940,10091,20.0
18940,10117,8.0
18940,10151,5.0
18940,10180,2.0
18940,10283,31.0
18940,10434,3.0
18940,10580,91.0
18940,10584,44.0
18940,10671,3.0
18940,10923,34.0
18940,10957,2.0
18940,11011,1.0
18940,11133,63.0
18940,11205,1.0
18940,11334,7.0
18940,11832,2.0
18940,12405,11.0
18940,12628,15.0
18940,13815,19.0
18940,14387,4.0
18940,14899,2.0
18940,16931,2.0
18940,17322,1.0
18940,17757,83.0
18940,18957,1.0
18940,28663,26.0
18940,31334,30.0
18940,31362,21.0
18940,36102,4.0
18940,48633,18.0
18940,57245,18.0
18940,61011,10.0
18940,65465,5.0
18940,82900,3.0
18940,803126,20.0
18940,805170,1.0
18940,805966,2.0
18940,806128,1.0
18940,809034,32.0
18957,10001,3.0
18957,10052,1.0
18957,10283,29.0
18957,10297,1.0
18957,10584,6.0
18957,10841,1.0
18957,10957,1.0
18957,11133,1.0
18957,11257,1.0
18957,11353,9.0
18957,11687,12.0
18957,14277,1.0
18957,15291,2.0
18957,15959,3.0
18957,16931,1.0
18957,17416,5.0
18957,18090,5.0
18957,18940,1.0
18957,21813,1.0
18957,802425,17.0
18957,804185,8.0
18957,804978,1.0
18959,10402,1.0
18959,11761,2.0
18959,14419,3.0
18959,14573,2.0
18973,10067,7.0
18973,32740,3.0
18973,61486,1.0
18973,69912,1.0
18973,119038,1.0
18973,160373,1.0
18973,162626,2.0
18973,547452,1.0
19634,10001,56.0
19634,10052,1.0
19634,10106,21.0
19634,10117,31.0
19634,10146,39.0
19634,10277,10.0
19634,10283,5.0
19634,10297,5.0
19634,10315,1.0
19634,10584,11.0
19634,10923,1.0
19634,11397,3.0
19634,11826,9.0
19634,12053,2.0
19634,12215,16.0
19634,12419,1.0
19634,13114,1.0
19634,13122,16.0
19634,13794,19.0
19634,13825,8.0
19634,15414,1.0
19634,15665,1.0
19634,15733,8.0
19634,16445,1.0
19634,16459,29.0
19634,16628,3.0
19634,16855,2.0
19634,17284,8.0
19634,20338,1.0
19634,21151,2.0
19634,21336,2.0
19634,21548,4.0
19634,21641,4.0
19634,21804,3.0
19634,22034,2.0
19634,22328,3.0
19634,31784,3.0
19634,33474,1.0
19656,67899,2.0
19656,79651,4.0
19656,111450,3.0
19656,145353,8.0
19656,538013,8.0
19668,10001,12.0
19668,10128,2.0
19668,10277,1.0
19668,10283,5.0
19668,10297,1.0
19668,10584,13.0
19668,11397,2.0
19668,11462,21.0
19668,11782,2.0
19668,12053,2.0
19668,12857,9.0
19668,13825,17.0
19668,14017,10.0
19668,15331,2.0
19668,16855,14.0
19668,17527,1.0
19668,18111,10.0
19668,21128,1.0
19668,21251,14.0
19668,31784,2.0
19668,36717,1.0
19786,22613,3.0
19786,24218,107.0
19786,109875,1.0
20046,10067,11.0
20046,10443,1.0
20046,11015,6.0
20046,12211,5.0
20046,12517,2.0
20046,13406,2.0
20046,14539,5.0
20046,46527,1.0
20046,63900,1.0
20046,67639,1.0
20046,122842,1.0
20046,531688,1.0
20046,550760,2.0
20269,10001,53.0
20269,10277,1.0
20269,10283,39.0
20269,10297,7.0
20269,10584,4.0
20269,10923,39.0
20269,11133,1.0
20269,11334,2.0
20269,11507,1.0
20269,11826,23.0
20269,12041,7.0
20269,12275,2.0
20269,12419,1.0
20269,12628,6.0
20269,13122,17.0
20269,16445,3.0
20269,16628,2.0
20269,20535,15.0
20269,21562,3.0
20269,21813,22.0
20269,23590,5.0
20269,31964,10.0
20338,10001,11.0
20338,10091,3.0
20338,10106,2.0
20338,10146,4.0
20338,10277,17.0
20338,10283,40.0
20338,10297,4.0
20338,10580,5.0
20338,10584,58.0
20338,10923,1.0
20338,10925,3.0
20338,10957,28.0
20338,11133,2.0
20338,11257,4.0
20338,11334,18.0
20338,11397,1.0
20338,11507,11.0
20338,11687,3.0
20338,11826,5.0
20338,12041,1.0
20338,12184,1.0
20338,12215,9.0
20338,12419,1.0
20338,12628,5.0
20338,12857,1.0
20338,13794,2.0
20338,13825,2.0
20338,15336,2.0
20338,15414,1.0
20338,16445,1.0
20338,16459,1.0
20338,21548,1.0
20338,22309,1.0
20338,31440,2.0
20338,33474,1.0
20338,46221,1.0
20428,25113,3.0
20428,43824,5.0
20428,63254,1.0
20428,102509,7.0
20428,138720,15.0
20428,153617,3.0
20428,548922,1.0
20535,10001,37.0
20535,10283,34.0
20535,10297,14.0
20535,10584,2.0
20535,10923,10.0
20535,11334,2.0
20535,11826,24.0
20535,12041,5.0
20535,12275,1.0
20535,13122,5.0
20535,13995,2.0
20535,15414,1.0
20535,16445,3.0
20535,19634,5.0
20535,20269,8.0
20535,21151,1.0
20535,21562,11.0
20535,21813,22.0
20535,23590,7.0
20535,29523,2.0
20535,31784,2.0
20535,31964,6.0
20831,10001,17.0
20831,10150,5.0
20831,10728,1.0
20831,11826,2.0
20831,12275,2.0
20831,12771,1.0
20831,13317,3.0
20831,13995,2.0
20831,15323,3.0
20831,15514,1.0
20831,16445,2.0
20831,17616,1.0
20869,128211,4.0
20971,18919,21.0
20971,80529,10.0
20971,93013,1.0
20971,106761,2.0
20971,532355,1.0
21128,10001,1.0
21128,10117,28.0
21128,10146,3.0
21128,10246,1.0
21128,10277,2.0
21128,10576,1.0
21128,10925,4.0
21128,11397,9.0
21128,12129,11.0
21128,12614,18.0
21128,13114,9.0
21128,14277,2.0
21128,15331,1.0
21128,16644,1.0
21128,17253,2.0
21128,18111,2.0
21128,19668,4.0
21128,31784,1.0
21128,800014,2.0
21128,801943,7.0
21128,801984,1.0
21128,803277,1.0
21128,803420,3.0
21128,803564,1.0
21128,805620,2.0
21128,805752,1.0
21128,805863,2.0
21128,805966,1.0
21128,806001,4.0
21128,806187,1.0
21128,807668,22.0
21128,807678,2.0
21128,812267,17.0
21128,816764,2.0
21128,908365,14.0
21151,10001,40.0
21151,10106,7.0
21151,10117,40.0
21151,10146,31.0
21151,10277,36.0
21151,10283,2.0
21151,10297,10.0
21151,10584,12.0
21151,11397,3.0
21151,11826,3.0
21151,12184,1.0
21151,12215,16.0
21151,12275,2.0
21151,12419,1.0
21151,13114,2.0
21151,13122,4.0
21151,13794,15.0
21151,13825,5.0
21151,13919,1.0
21151,15414,2.0
21151,15665,1.0
21151,15733,4.0
21151,16445,1.0
21151,16459,33.0
21151,16628,8.0
21151,17284,1.0
21151,17616,2.0
21151,19634,1.0
21151,21336,4.0
21151,21548,5.0
21151,21641,2.0
21151,22309,5.0
21151,30480,2.0
21155,10001,3.0
21155,10117,1.0
21155,10146,1.0
21155,10689,1.0
21155,10924,3.0
21155,16445,1.0
21155,225466,1.0
21251,10052,4.0
21251,10297,5.0
21251,10925,56.0
21251,11101,24.0
21251,11462,2.0
21251,11782,1.0
21251,12857,30.0
21251,13794,5.0
21251,14277,1.0
21251,15323,1.0
21251,15336,1.0
21251,16445,4.0
21251,16983,1.0
21251,18090,2.0
21251,36717,1.0
21320,18061,9.0
21320,48134,6.0
21320,92772,21.0
21320,123609,25.0
21320,149919,21.0
21320,532671,80.0
21336,10001,55.0
21336,10106,20.0
21336,10117,57.0
21336,10146,26.0
21336,10277,23.0
21336,10283,5.0
21336,10297,5.0
21336,10315,1.0
21336,10584,15.0
21336,10923,2.0
21336,11826,4.0
21336,12215,20.0
21336,13122,34.0
21336,13794,17.0
21336,13825,4.0
21336,15414,1.0
21336,15665,3.0
21336,15733,3.0
21336,16459,23.0
21336,16628,3.0
21336,17284,3.0
21336,19634,5.0
21336,20338,4.0
21336,21151,3.0
21336,21548,2.0
21336,22034,7.0
21336,22309,7.0
21336,27620,1.0
21336,30480,1.0
21336,31784,2.0
21336,36717,1.0
21415,22759,1.0
21415,56107,2.0
21415,164073,12.0
21548,10001,58.0
21548,10078,1.0
21548,10117,1.0
21548,10146,9.0
21548,10277,8.0
21548,10283,8.0
21548,10297,20.0
21548,10580,42.0
21548,10584,2.0
21548,10588,3.0
21548,10923,52.0
21548,10925,13.0
21548,10957,39.0
21548,11065,1.0
21548,11133,142.0
21548,11334,54.0
21548,11782,2.0
21548,12053,1.0
21548,12184,2.0
21548,12419,1.0
21548,12628,3.0
21548,13794,1.0
21548,15323,1.0
21548,15665,1.0
21548,15733,3.0
21548,16445,1.0
21548,16628,1.0
21548,21336,1.0
21548,21641,1.0
21548,27620,15.0
21548,28620,2.0
21548,29523,18.0
21548,31440,4.0
21548,34869,16.0
21548,46221,2.0
21562,10001,47.0
21562,10146,3.0
21562,10173,2.0
21562,10277,1.0
21562,10283,31.0
21562,10297,8.0
21562,10584,7.0
21562,10923,41.0
21562,11133,3.0
21562,11334,6.0
21562,11826,8.0
21562,12041,2.0
21562,12275,2.0
21562,12628,2.0
21562,13122,21.0
21562,13794,2.0
21562,15414,1.0
21562,15665,3.0
21562,16445,1.0
21562,19634,3.0
21562,20269,6.0
21562,20535,6.0
21562,21813,15.0
21562,23590,4.0
21562,30480,1.0
21562,31964,2.0
21641,10001,8.0
21641,10106,3.0
21641,10117,38.0
21641,10146,15.0
21641,10184,1.0
21641,10277,26.0
21641,10283,8.0
21641,10297,1.0
21641,10315,2.0
21641,10584,27.0
21641,10923,14.0
21641,10924,2.0
21641,10957,39.0
21641,11133,2.0
21641,11272,2.0
21641,11334,12.0
21641,11361,1.0
21641,11397,1.0
21641,11507,2.0
21641,11832,3.0
21641,12184,3.0
21641,12215,4.0
21641,12275,1.0
21641,12419,6.0
21641,12628,3.0
21641,12857,1.0
21641,13815,2.0
21641,13919,1.0
21641,13995,1.0
21641,14017,1.0
21641,15323,2.0
21641,15414,1.0
21641,15665,35.0
21641,15733,1.0
21641,16445,4.0
21641,16855,3.0
21641,16931,1.0
21641,17284,11.0
21641,17616,1.0
21641,19634,3.0
21641,21548,2.0
21641,22034,2.0
21641,22309,2.0
21641,22328,1.0
21641,27620,2.0
21641,28620,2.0
21641,33474,15.0
21641,36717,1.0
21641,39064,3.0
21804,10001,48.0
21804,10106,44.0
21804,10117,20.0
21804,10146,33.0
21804,10277,4.0
21804,10283,7.0
21804,10297,4.0
21804,10584,4.0
21804,10923,21.0
21804,10957,1.0
21804,11397,2.0
21804,11826,7.0
21804,12184,1.0
21804,12215,11.0
21804,12419,5.0
21804,13122,28.0
21804,13578,1.0
21804,13794,36.0
21804,13825,5.0
21804,15665,14.0
21804,16459,47.0
21804,16628,1.0
21804,16855,6.0
21804,17284,6.0
21804,19634,1.0
21804,20338,5.0
21804,21548,2.0
21804,21641,4.0
21804,22034,2.0
21804,22309,3.0
21804,22328,6.0
21804,30480,2.0
21804,31784,2.0
21804,36717,1.0
21813,10925,2.0
21813,11353,1.0
21813,11826,5.0
21813,13794,2.0
21813,15331,4.0
21813,16445,5.0
22034,10001,42.0
22034,10106,47.0
22034,10117,24.0
22034,10146,31.0
22034,10277,12.0
22034,10283,3.0
22034,10297,3.0
22034,10584,10.0
22034,10923,7.0
22034,11397,1.0
22034,11826,4.0
22034,12184,1.0
22034,12215,27.0
22034,13114,1.0
22034,13122,19.0
22034,13794,21.0
22034,13825,2.0
22034,15414,5.0
22034,15665,8.0
22034,15733,3.0
22034,16459,31.0
22034,16628,3.0
22034,16855,1.0
22034,17284,6.0
22034,18090,1.0
22034,19634,1.0
22034,21336,6.0
22034,21548,2.0
22034,21641,6.0
22034,21804,3.0
22034,22309,2.0
22034,22328,2.0
22034,30480,9.0
22034,31784,1.0
22034,33474,5.0
22309,10001,2.0
22309,10106,12.0
22309,10117,21.0
22309,10128,2.0
22309,10146,13.0
22309,10277,12.0
22309,10283,19.0
22309,10584,42.0
22309,10923,1.0
22309,10925,9.0
22309,10957,5.0
22309,11101,1.0
22309,11397,30.0
22309,11462,1.0
22309,11572,5.0
22309,11782,16.0
22309,12053,24.0
22309,12184,2.0
22309,12215,89.0
22309,12614,5.0
22309,13263,1.0
22309,13825,2.0
22309,13919,8.0
22309,14017,2.0
22309,15331,1.0
22309,15665,2.0
22309,15733,2.0
22309,15959,1.0
22309,16855,2.0
22309,17284,1.0
22309,17616,1.0
22309,18133,5.0
22309,18705,3.0
22309,19668,1.0
22309,20338,13.0
22309,21548,12.0
22309,31440,5.0
22309,31784,5.0
22309,33474,8.0
22309,36717,1.0
22309,46221,1.0
22328,10001,47.0
22328,10106,31.0
22328,10117,26.0
22328,10146,39.0
22328,10277,12.0
22328,10283,4.0
22328,10297,3.0
22328,10584,5.0
22328,10923,12.0
22328,10957,1.0
22328,11826,8.0
22328,12129,1.0
22328,12215,30.0
22328,13114,5.0
22328,13122,21.0
22328,13794,17.0
22328,13825,2.0
22328,15665,14.0
22328,15733,4.0
22328,16459,33.0
22328,16855,1.0
22328,17284,7.0
22328,19634,4.0
22328,20338,1.0
22328,21151,1.0
22328,21548,2.0
22328,21641,2.0
22328,21804,4.0
22328,22034,2.0
22328,22309,3.0
22328,33474,1.0
22328,34869,1.0
22613,19786,5.0
22613,50474,3.0
22759,21415,11.0
22759,53613,65.0
22759,56107,6.0
22759,123360,24.0
23018,51528,76.0
23018,51896,1.0
23018,57157,50.0
23018,132084,1.0
23018,132949,25.0
23018,149919,3.0
23207,43169,68.0
23207,92772,20.0
23207,145695,33.0
23207,149919,9.0
23207,162626,51.0
23590,10001,33.0
23590,10106,1.0
23590,10146,1.0
23590,10173,3.0
23590,10283,38.0
23590,10297,16.0
23590,10584,9.0
23590,10923,41.0
23590,10957,3.0
23590,11334,4.0
23590,11826,16.0
23590,11832,1.0
23590,12041,2.0
23590,12215,1.0
23590,12628,1.0
23590,13122,16.0
23590,13995,1.0
23590,15414,1.0
23590,16445,4.0
23590,20269,10.0
23590,20535,5.0
23590,21562,5.0
23590,21813,11.0
23590,29523,2.0
23590,31964,6.0
23590,33474,2.0
23590,36717,2.0
23951,51240,1.0
23951,51744,79.0
23951,92772,25.0
23951,149627,33.0
23951,149919,2.0
23951,542692,10.0
23974,24916,8.0
23974,38490,125.0
23974,45196,3.0
23974,60801,1.0
23974,99504,2.0
24115,10052,9.0
24115,10078,3.0
24115,10180,1.0
24115,10923,1.0
24115,13317,3.0
24115,14387,3.0
24115,14793,14.0
24115,14899,14.0
24115,15959,46.0
24115,16931,3.0
24115,17322,9.0
24115,18090,8.0
24115,46376,13.0
24170,18973,2.0
24170,29293,3.0
24170,43878,2.0
24170,46250,4.0
24170,117954,72.0
24194,551254,2.0
24218,19786,3.0
24218,22613,4.0
24218,50474,12.0
24916,23974,6.0
24916,99504,1.0
25113,128211,3.0
25244,10067,1.0
25244,12211,2.0
25244,12517,4.0
25244,12737,5.0
25244,13406,1.0
25244,14539,5.0
25244,35426,9.0
25244,38640,2.0
25244,49374,7.0
25244,50414,12.0
25244,51099,1.0
25244,51528,1.0
25244,51896,1.0
25244,52435,3.0
25244,54580,2.0
25244,57157,1.0
25244,64767,9.0
25244,67639,9.0
25244,69912,6.0
25244,91784,1.0
25244,94054,8.0
25244,106761,1.0
25244,114108,1.0
25244,132084,2.0
25244,132949,2.0
25244,189486,9.0
25244,194866,6.0
25244,532354,13.0
25244,532355,3.0
25244,543156,1.0
25244,926416,55.0
26725,104892,1.0
26725,570389,2.0
26971,63254,16.0
26971,102509,14.0
26971,133947,15.0
26971,190403,39.0
27620,10001,93.0
27620,10106,1.0
27620,10117,52.0
27620,10128,2.0
27620,10146,23.0
27620,10173,1.0
27620,10277,41.0
27620,10283,10.0
27620,10297,12.0
27620,10315,1.0
27620,10584,22.0
27620,10728,1.0
27620,10923,3.0
27620,10925,2.0
27620,10957,12.0
27620,11133,8.0
27620,11205,1.0
27620,11334,2.0
27620,11391,1.0
27620,11397,2.0
27620,11687,1.0
27620,11782,5.0
27620,11826,1.0
27620,12041,4.0
27620,12053,8.0
27620,12184,8.0
27620,12215,5.0
27620,13114,1.0
27620,13256,1.0
27620,13825,2.0
27620,14017,1.0
27620,15261,2.0
27620,15323,2.0
27620,15336,1.0
27620,15414,1.0
27620,15665,8.0
27620,16445,2.0
27620,16855,9.0
27620,17527,2.0
27620,17616,5.0
27620,18090,1.0
27620,18133,1.0
27620,18705,1.0
27620,18716,1.0
27620,20338,2.0
27620,21548,32.0
27620,21641,2.0
27620,22309,1.0
27620,28620,1.0
27620,29523,4.0
27620,31440,2.0
27620,31784,2.0
27620,33474,3.0
27620,34869,3.0
27620,36717,4.0
27620,46221,2.0
27822,33329,3.0
27822,73789,3.0
27822,75150,1.0
27822,215846,8.0
27950,10001,16.0
27950,10277,1.0
27950,11782,3.0
27950,12129,1.0
27950,17527,6.0
27950,46376,2.0
28567,55303,6.0
28567,97316,1.0
28620,10001,1.0
28620,10010,3.0
28620,10106,8.0
28620,10117,9.0
28620,10143,1.0
28620,10146,9.0
28620,10277,5.0
28620,10283,1.0
28620,10584,38.0
28620,10923,1.0
28620,10925,5.0
28620,10957,7.0
28620,11272,6.0
28620,11391,2.0
28620,11397,2.0
28620,11462,6.0
28620,11832,2.0
28620,12053,3.0
28620,12184,1.0
28620,12215,1.0
28620,12857,1.0
28620,13600,1.0
28620,13825,56.0
28620,15323,2.0
28620,16855,9.0
28620,17527,1.0
28620,21548,1.0
28620,21641,1.0
28620,31784,1.0
28620,33474,2.0
28620,34869,1.0
28620,46221,1.0
28663,10078,1.0
28663,10434,3.0
28663,10584,1.0
28663,12771,2.0
28663,17757,8.0
28663,31362,1.0
28663,46376,13.0
28663,48633,3.0
28663,61011,3.0
28663,800190,10.0
28663,806128,3.0
29293,24170,1.0
29293,43878,1.0
29523,10001,57.0
29523,10052,1.0
29523,10117,42.0
29523,10146,34.0
29523,10173,1.0
29523,10246,3.0
29523,10277,31.0
29523,10283,4.0
29523,10297,18.0
29523,10315,1.0
29523,10570,1.0
29523,10584,28.0
29523,10923,1.0
29523,10925,3.0
29523,10957,13.0
29523,11133,7.0
29523,11334,5.0
29523,11391,2.0
29523,11397,1.0
29523,11572,1.0
29523,11687,1.0
29523,12053,2.0
29523,12184,14.0
29523,12215,2.0
29523,12614,1.0
29523,12628,1.0
29523,13825,2.0
29523,14017,2.0
29523,15323,4.0
29523,15665,6.0
29523,16445,1.0
29523,16855,5.0
29523,21128,1.0
29523,21548,27.0
29523,22309,2.0
29523,27620,3.0
29523,31784,1.0
29523,33474,3.0
29523,34869,1.0
29523,36717,2.0
30465,10151,1.0
30480,10001,45.0
30480,10106,78.0
30480,10146,38.0
30480,10277,16.0
30480,10297,1.0
30480,10584,1.0
30480,10923,23.0
30480,11133,1.0
30480,11826,7.0
30480,12215,36.0
30480,12419,2.0
30480,13114,9.0
30480,13122,20.0
30480,13578,2.0
30480,13794,8.0
30480,15414,3.0
30480,15665,4.0
30480,15733,4.0
30480,16459,46.0
30480,16855,1.0
30480,17616,2.0
30480,20338,8.0
30480,21151,1.0
30480,21562,1.0
30480,21804,1.0
30480,22034,14.0
30480,22309,4.0
30480,31784,2.0
30480,33474,2.0
31334,10091,26.0
31334,10184,3.0
31334,10283,21.0
31334,10434,1.0
31334,10580,2.0
31334,11133,1.0
31334,11257,1.0
31334,11361,2.0
31334,11431,1.0
31334,12628,40.0
31334,13815,1.0
31334,14387,4.0
31334,14899,2.0
31334,17757,40.0
31334,18940,7.0
31334,28663,37.0
31334,31362,19.0
31334,48633,8.0
31334,57245,3.0
31334,61011,1.0
31334,65465,2.0
31334,803126,1.0
31334,809034,6.0
31334,911199,1.0
31362,10078,4.0
31362,28663,6.0
31362,46376,10.0
31362,48633,4.0
31362,800190,65.0
31362,807678,1.0
31440,10001,41.0
31440,10091,40.0
31440,10106,3.0
31440,10146,5.0
31440,10277,16.0
31440,10283,215.0
31440,10297,3.0
31440,10580,67.0
31440,10584,90.0
31440,10728,2.0
31440,10937,43.0
31440,10957,40.0
31440,11065,3.0
31440,11133,145.0
31440,11205,1.0
31440,11257,4.0
31440,11334,149.0
31440,11361,3.0
31440,11826,85.0
31440,12041,19.0
31440,12184,4.0
31440,12215,9.0
31440,12419,8.0
31440,12628,117.0
31440,13815,34.0
31440,13825,2.0
31440,13919,2.0
31440,13995,126.0
31440,15323,1.0
31440,15414,69.0
31440,15665,5.0
31440,15792,4.0
31440,16445,5.0
31440,17144,114.0
31440,17616,80.0
31440,18133,10.0
31440,18705,20.0
31440,27620,5.0
31440,39064,1.0
31440,58284,1.0
31784,10001,23.0
31784,10117,1.0
31784,10128,2.0
31784,10146,22.0
31784,10246,2.0
31784,10277,11.0
31784,10283,6.0
31784,10584,38.0
31784,10925,17.0
31784,10957,3.0
31784,11133,3.0
31784,11397,1.0
31784,11572,2.0
31784,11782,9.0
31784,12053,23.0
31784,12129,1.0
31784,12184,1.0
31784,12215,14.0
31784,12419,1.0
31784,12614,2.0
31784,12628,2.0
31784,13578,1.0
31784,13600,1.0
31784,13825,2.0
31784,14017,1.0
31784,15323,1.0
31784,15331,9.0
31784,15665,1.0
31784,16445,1.0
31784,17284,1.0
31784,18111,2.0
31784,18716,1.0
31784,20338,1.0
31784,21251,6.0
31784,21548,2.0
31784,22309,10.0
31784,28620,1.0
31784,33474,3.0
31964,10001,44.0
31964,10106,1.0
31964,10173,1.0
31964,10277,2.0
31964,10283,29.0
31964,10297,7.0
31964,10584,12.0
31964,10923,34.0
31964,10957,1.0
31964,11334,1.0
31964,11397,2.0
31964,11507,2.0
31964,11826,10.0
31964,11832,1.0
31964,12041,3.0
31964,12184,1.0
31964,12215,1.0
31964,12275,1.0
31964,12419,1.0
31964,13122,16.0
31964,15665,1.0
31964,20269,10.0
31964,20535,8.0
31964,21562,1.0
31964,21813,18.0
31964,23590,4.0
31964,27620,4.0
32610,18973,1.0
32610,49374,1.0
32610,75080,3.0
32610,82678,3.0
32610,83558,2.0
32610,106761,3.0
32610,119038,2.0
32610,135691,4.0
32610,194223,1.0
32610,532355,3.0
32740,10067,1.0
32740,35655,1.0
32740,149919,1.0
32740,166237,1.0
32740,542692,1.0
33329,27822,1.0
33329,73789,35.0
33329,128211,10.0
33329,167460,11.0
33474,10001,63.0
33474,10052,1.0
33474,10106,131.0
33474,10117,27.0
33474,10128,3.0
33474,10146,86.0
33474,10246,1.0
33474,10277,70.0
33474,10283,89.0
33474,10297,9.0
33474,10584,118.0
33474,10588,1.0
33474,10689,1.0
33474,10728,1.0
33474,10925,1.0
33474,10957,12.0
33474,11334,2.0
33474,11353,4.0
33474,11391,1.0
33474,11397,39.0
33474,11462,3.0
33474,11572,1.0
33474,11687,3.0
33474,11782,6.0
33474,11826,2.0
33474,11832,1.0
33474,12053,18.0
33474,12129,5.0
33474,12184,3.0
33474,12215,3.0
33474,12614,2.0
33474,12628,1.0
33474,12857,1.0
33474,13114,1.0
33474,13122,56.0
33474,13815,1.0
33474,13825,4.0
33474,13919,11.0
33474,13995,1.0
33474,14017,3.0
33474,14277,2.0
33474,15414,10.0
33474,15665,7.0
33474,15733,6.0
33474,16459,18.0
33474,16644,2.0
33474,16855,4.0
33474,16931,1.0
33474,17284,1.0
33474,17527,5.0
33474,17616,16.0
33474,19634,2.0
33474,19668,1.0
33474,20338,2.0
33474,21336,4.0
33474,21641,4.0
33474,21804,1.0
33474,22034,11.0
33474,22309,7.0
33474,22328,14.0
33474,27620,3.0
33474,28620,1.0
33474,29523,3.0
33474,30480,10.0
33474,31784,1.0
33474,36717,1.0
33474,46221,2.0
33474,65465,1.0
34869,10001,58.0
34869,10078,2.0
34869,10106,1.0
34869,10117,54.0
34869,10128,1.0
34869,10146,20.0
34869,10246,1.0
34869,10277,30.0
34869,10283,3.0
34869,10297,14.0
34869,10315,2.0
34869,10584,10.0
34869,10923,4.0
34869,10925,1.0
34869,10957,4.0
34869,11133,6.0
34869,11334,2.0
34869,11397,1.0
34869,11572,1.0
34869,11782,3.0
34869,12053,10.0
34869,12129,1.0
34869,12184,10.0
34869,12215,5.0
34869,13114,1.0
34869,13578,1.0
34869,13600,2.0
34869,14017,1.0
34869,15261,1.0
34869,15665,2.0
34869,15733,2.0
34869,16445,4.0
34869,16855,1.0
34869,16931,1.0
34869,18716,1.0
34869,21548,31.0
34869,27620,3.0
34869,29523,1.0
34869,36717,1.0
35426,10067,5.0
35426,10451,2.0
35426,11015,1.0
35426,12737,1.0
35426,18919,10.0
35426,20971,2.0
35426,25244,6.0
35426,32610,16.0
35426,38640,17.0
35426,46527,2.0
35426,49374,44.0
35426,51099,11.0
35426,52435,2.0
35426,57086,2.0
35426,64841,3.0
35426,74829,1.0
35426,75080,1.0
35426,80529,4.0
35426,91784,1.0
35426,93013,1.0
35426,106761,14.0
35426,111999,1.0
35426,119038,1.0
35426,128570,4.0
35426,132084,5.0
35426,142676,39.0
35426,152853,3.0
35426,532354,2.0
35426,532355,19.0
35426,543156,7.0
35426,544125,1.0
35464,35852,2.0
35464,36653,2.0
35464,40996,2.0
35464,46599,4.0
35464,76904,1.0
35655,14539,6.0
35655,20046,3.0
35655,32610,3.0
35655,32740,2.0
35655,43169,13.0
35655,49374,15.0
35655,51709,2.0
35655,91784,3.0
35655,122842,37.0
35655,135691,12.0
35655,162626,9.0
35655,166430,1.0
35655,532671,1.0
35655,535597,6.0
35655,535628,3.0
35655,543156,10.0
35655,544125,18.0
35852,23974,2.0
35852,24916,3.0
35852,36653,2.0
35852,40996,1.0
35852,45196,5.0
35852,46599,8.0
35852,101155,6.0
35852,105674,14.0
36102,10001,3.0
36102,10091,1.0
36102,10117,1.0
36102,10150,1.0
36102,10184,5.0
36102,10434,5.0
36102,10923,1.0
36102,11205,2.0
36102,13317,1.0
36102,14387,4.0
36102,14863,7.0
36102,14899,1.0
36102,17322,1.0
36102,24115,9.0
36102,30465,3.0
36102,46961,23.0
36102,803126,3.0
36653,18675,7.0
36653,35464,1.0
36653,40996,1.0
36653,101155,2.0
36717,10001,48.0
36717,10106,1.0
36717,10146,11.0
36717,10277,10.0
36717,10283,20.0
36717,10584,35.0
36717,10728,1.0
36717,10925,8.0
36717,10957,1.0
36717,11133,5.0
36717,11334,1.0
36717,11572,1.0
36717,12041,1.0
36717,12129,1.0
36717,12184,2.0
36717,12215,22.0
36717,12628,3.0
36717,12857,2.0
36717,15331,3.0
36717,15336,1.0
36717,16855,2.0
36717,17527,1.0
36717,21251,1.0
36717,21548,3.0
36717,27620,1.0
36717,28620,1.0
36717,29523,1.0
36717,31784,1.0
36717,33474,2.0
36717,34869,1.0
37850,33989,6.0
38099,12517,3.0
38099,12737,4.0
38099,13406,1.0
38099,23951,19.0
38099,32610,4.0
38099,32740,1.0
38099,49374,51.0
38099,51240,2.0
38099,51257,7.0
38099,51709,2.0
38099,51744,14.0
38099,61486,1.0
38099,82678,22.0
38099,92772,1.0
38099,116102,4.0
38099,123218,39.0
38099,136629,1.0
38099,142306,7.0
38099,149627,2.0
38099,151946,1.0
38099,165590,1.0
38099,192562,1.0
38099,194223,11.0
38099,531688,2.0
38099,532354,2.0
38099,535597,7.0
38099,542692,1.0
38099,550760,2.0
38640,11015,5.0
38640,14539,3.0
38640,64841,6.0
38640,91784,1.0
38640,114108,8.0
38640,132084,4.0
38640,141329,10.0
38640,142676,9.0
38640,152853,8.0
38640,194866,2.0
38640,209958,7.0
39064,10001,5.0
39064,10106,2.0
39064,10146,1.0
39064,10283,1.0
39064,10580,3.0
39064,10584,6.0
39064,10728,3.0
39064,10923,1.0
39064,10924,3.0
39064,10957,18.0
39064,13995,2.0
39064,14017,1.0
39064,21641,4.0
40996,10451,1.0
40996,23974,2.0
40996,24916,1.0
40996,35852,1.0
40996,36653,2.0
40996,38490,1.0
40996,45196,4.0
40996,99504,1.0
40996,101155,4.0
43169,23207,18.0
43169,51099,2.0
43169,64841,1.0
43169,75080,11.0
43169,92772,15.0
43169,111999,13.0
43169,119038,8.0
43169,122842,6.0
43169,123609,2.0
43169,135691,1.0
43169,142676,1.0
43169,145695,6.0
43169,149919,8.0
43169,151957,1.0
43169,152853,2.0
43169,162626,5.0
43169,194866,3.0
43169,209958,5.0
43169,544125,1.0
43169,547452,1.0
43824,63254,16.0
43824,73789,5.0
43824,102509,3.0
43824,138720,1.0
43824,153617,33.0
43824,190403,2.0
43878,117954,1.0
45196,38490,1.0
46048,17015,2.0
46048,72285,16.0
46048,94054,4.0
46048,112083,10.0
46048,123609,15.0
46048,139242,1.0
46048,147126,4.0
46048,148683,9.0
46048,149919,7.0
46048,171969,5.0
46048,193622,3.0
46048,217073,1.0
46221,10001,25.0
46221,10106,3.0
46221,10117,29.0
46221,10146,28.0
46221,10246,2.0
46221,10277,31.0
46221,10283,1.0
46221,10297,26.0
46221,10584,14.0
46221,10588,1.0
46221,10923,2.0
46221,10925,4.0
46221,10957,18.0
46221,11133,1.0
46221,11334,1.0
46221,11391,1.0
46221,11397,2.0
46221,11462,1.0
46221,11782,1.0
46221,12041,2.0
46221,12129,1.0
46221,12184,15.0
46221,12215,3.0
46221,12275,1.0
46221,12614,2.0
46221,12628,2.0
46221,13825,6.0
46221,14017,1.0
46221,15336,1.0
46221,15665,1.0
46221,15733,1.0
46221,16644,1.0
46221,16855,7.0
46221,17284,2.0
46221,18111,1.0
46221,20338,5.0
46221,21128,1.0
46221,21251,1.0
46221,21548,15.0
46221,22309,4.0
46221,28620,2.0
46221,29523,2.0
46221,31784,3.0
46221,33474,1.0
46221,36717,2.0
46250,24170,51.0
46250,29293,48.0
46250,43878,10.0
46250,117954,1.0
46376,10001,14.0
46376,10010,1.0
46376,10106,1.0
46376,10117,1.0
46376,10128,2.0
46376,10146,4.0
46376,10246,82.0
46376,10257,3.0
46376,10277,1.0
46376,10570,52.0
46376,10689,25.0
46376,10728,1.0
46376,11011,1.0
46376,11391,1.0
46376,11572,7.0
46376,11782,1.0
46376,12129,1.0
46376,14277,1.0
46376,15323,2.0
46376,15336,2.0
46376,16445,1.0
46376,16644,4.0
46376,16983,3.0
46376,17584,2.0
46376,27620,1.0
46376,27950,1.0
46376,31362,1.0
46376,74105,1.0
46376,801577,1.0
46376,801943,8.0
46376,803702,13.0
46376,804185,3.0
46376,805863,1.0
46376,805963,2.0
46376,806128,1.0
46376,806465,15.0
46376,807518,1.0
46376,810081,2.0
46376,816764,3.0
46376,907684,3.0
46376,909325,19.0
46376,911199,3.0
46527,18973,1.0
46527,69912,2.0
46527,83558,1.0
46527,531688,1.0
46527,535597,1.0
46527,544125,3.0
46599,35329,3.0
46599,35852,1.0
46599,76904,41.0
46599,105674,18.0
46961,10180,1.0
46961,10315,8.0
46961,10649,1.0
46961,10924,1.0
46961,12405,1.0
46961,14387,1.0
46961,14863,1.0
46961,16931,2.0
46961,17322,23.0
46961,20831,1.0
46961,24115,2.0
46961,30465,2.0
46961,36102,2.0
46961,64108,2.0
47608,10283,2.0
47608,10576,1.0
47608,11687,2.0
47608,13654,1.0
47608,14502,1.0
47608,16338,46.0
47608,16644,1.0
47608,21251,1.0
47608,801743,1.0
47608,801943,3.0
47608,803420,2.0
47608,803564,1.0
47608,804978,2.0
47608,807314,1.0
47608,809503,1.0
47608,911199,3.0
48134,51709,1.0
48134,56387,15.0
48134,69912,18.0
48134,160373,24.0
48134,166430,43.0
48134,194223,1.0
48134,532354,1.0
48134,532671,15.0
48134,535597,6.0
48134,543156,6.0
48234,58419,1.0
48234,59297,1.0
48234,61284,2.0
48234,70149,1.0
48234,76897,1.0
48633,10180,1.0
48633,10434,1.0
48633,10584,1.0
48633,11257,2.0
48633,12628,1.0
48633,14899,1.0
48633,17757,21.0
48633,18455,3.0
48633,21128,12.0
48633,28663,2.0
48633,31362,1.0
48633,61011,2.0
48633,65465,4.0
49374,10067,3.0
49374,12517,16.0
49374,12737,14.0
49374,13406,3.0
49374,14539,2.0
49374,18919,1.0
49374,18973,18.0
49374,20971,1.0
49374,25244,4.0
49374,32610,19.0
49374,35426,51.0
49374,38099,60.0
49374,38640,5.0
49374,43169,3.0
49374,46527,1.0
49374,50414,5.0
49374,51240,1.0
49374,51257,4.0
49374,51744,1.0
49374,51896,1.0
49374,52435,13.0
49374,57086,4.0
49374,61486,2.0
49374,64841,7.0
49374,69912,1.0
49374,75080,9.0
49374,82678,23.0
49374,91784,5.0
49374,101999,1.0
49374,106761,13.0
49374,111999,2.0
49374,114108,3.0
49374,119038,1.0
49374,123218,3.0
49374,132084,1.0
49374,135691,2.0
49374,141329,5.0
49374,142306,4.0
49374,142676,7.0
49374,151957,2.0
49374,152853,2.0
49374,166237,2.0
49374,194223,8.0
49374,209958,6.0
49374,532354,6.0
49374,532355,12.0
49374,535597,1.0
49374,535628,1.0
49374,543156,1.0
49374,544125,3.0
49374,547452,1.0
49374,550760,1.0
49374,553513,65.0
49374,926416,5.0
50414,32610,1.0
50414,43169,1.0
50414,51528,2.0
50414,64767,1.0
50414,75080,2.0
50414,135691,2.0
50414,532355,4.0
50414,547452,1.0
50414,551827,1.0
51099,18919,21.0
51099,43169,2.0
51099,51528,1.0
51099,64841,2.0
51099,75080,1.0
51099,93013,5.0
51099,106761,18.0
51099,111999,29.0
51099,119038,3.0
51099,122842,1.0
51099,123609,3.0
51099,128570,9.0
51099,132084,2.0
51099,142676,4.0
51099,149627,3.0
51099,152853,6.0
51099,194866,1.0
51099,209958,1.0
51117,10078,1.0
51117,39954,65.0
51117,106548,1.0
51240,13406,5.0
51240,20046,1.0
51240,35655,1.0
51240,38099,1.0
51240,49374,23.0
51240,51709,3.0
51240,51744,10.0
51240,69912,4.0
51240,116102,35.0
51240,122842,1.0
51240,151946,6.0
51240,166430,1.0
51240,194223,23.0
51240,535597,9.0
51240,544125,14.0
51257,11015,1.0
51257,18973,3.0
51257,32740,4.0
51257,142306,1.0
51257,151946,6.0
51528,23018,21.0
51528,50414,1.0
51528,51099,2.0
51528,57086,1.0
51528,57157,10.0
51528,64767,12.0
51528,93013,8.0
51528,101999,6.0
51528,111999,28.0
51528,114108,6.0
51528,123609,2.0
51528,132084,6.0
51528,132949,2.0
51528,149919,1.0
51528,152853,2.0
51528,189486,2.0
51528,194866,5.0
51528,551827,2.0
51709,10067,2.0
51709,11015,4.0
51709,13406,7.0
51709,14539,8.0
51709,32740,1.0
51709,46527,9.0
51709,51257,3.0
51709,72285,2.0
51709,114108,1.0
51709,122842,1.0
51709,151957,1.0
51709,165590,3.0
51709,166237,1.0
51709,206504,3.0
51709,531688,19.0
51744,23951,19.0
51744,51257,3.0
51744,64841,2.0
51744,82678,12.0
51744,92772,10.0
51744,116102,8.0
51744,123218,4.0
51744,136629,1.0
51744,142306,3.0
51744,143872,2.0
51744,147126,1.0
51744,149627,1.0
51744,149919,1.0
51744,151957,3.0
51744,171969,1.0
51744,542692,15.0
51896,20046,4.0
51896,25244,23.0
51896,32740,1.0
51896,50414,10.0
51896,51528,13.0
51896,57157,5.0
51896,64767,4.0
51896,80529,1.0
51896,101999,42.0
51896,111999,1.0
51896,532354,2.0
51896,535628,12.0
51896,543156,2.0
51896,551827,16.0
51896,926416,1.0
52075,58419,1.0
52075,70149,4.0
52075,76897,6.0
52075,79568,2.0
52075,81808,12.0
52075,90293,1.0
52075,101506,1.0
52075,137096,11.0
52075,147205,81.0
52075,190320,16.0
52435,10067,2.0
52435,12517,4.0
52435,12737,25.0
52435,13406,1.0
52435,14539,1.0
52435,25244,2.0
52435,32610,7.0
52435,38640,5.0
52435,49374,12.0
52435,50414,2.0
52435,74829,2.0
52435,91784,4.0
52435,114108,5.0
52435,544125,1.0
53093,26725,31.0
53093,104892,8.0
53093,570389,33.0
53445,10067,1.0
53445,12517,2.0
53445,15625,65.0
53445,18973,5.0
53445,51709,1.0
53445,54580,8.0
53445,56107,3.0
53445,56387,3.0
53445,68582,7.0
53445,80896,1.0
53445,150916,3.0
53445,164073,2.0
53445,166160,7.0
53445,192562,1.0
53445,200486,1.0
53445,203402,9.0
53445,206504,2.0
53445,532354,1.0
53445,537429,13.0
53445,546132,3.0
53445,550408,6.0
53613,22759,21.0
53613,123360,3.0
53613,126208,6.0
53613,150916,7.0
53613,537429,14.0
53613,550408,4.0
54580,10067,5.0
54580,21415,1.0
54580,53613,2.0
54580,72285,1.0
54580,139242,1.0
54580,532354,1.0
54580,547452,1.0
55303,28567,26.0
55303,97316,1.0
56107,15625,1.0
56107,51709,3.0
56107,53445,23.0
56107,53613,18.0
56107,54580,6.0
56107,126208,42.0
56107,164073,16.0
56107,200486,3.0
56107,537429,1.0
56107,546132,10.0
56387,11015,5.0
56387,46527,1.0
56387,48134,1.0
56387,51257,1.0
56387,61486,4.0
56387,83558,19.0
56387,91643,7.0
56387,143872,10.0
56387,147126,5.0
56387,148683,7.0
56387,166237,1.0
56387,200486,1.0
56387,203402,1.0
56387,531688,3.0
57086,51528,1.0
57086,64767,1.0
57086,111999,2.0
57086,119038,1.0
57086,135691,1.0
57086,547452,3.0
57157,23018,2.0
57157,25244,2.0
57157,51099,1.0
57157,51896,1.0
57157,101999,6.0
57157,551827,7.0
57245,10001,30.0
57245,10010,27.0
57245,10184,1.0
57245,10434,2.0
57245,10580,1.0
57245,10923,4.0
57245,14899,4.0
57245,17757,2.0
57245,36102,2.0
58284,10001,13.0
58284,10924,9.0
58284,10957,1.0
58284,11272,1.0
58284,11334,2.0
58284,11361,1.0
58284,13995,25.0
58284,16445,1.0
58284,33474,1.0
58284,39064,7.0
58419,48234,4.0
58419,59297,1.0
58419,61284,6.0
58419,70149,7.0
58419,76897,5.0
58419,79568,2.0
59297,48234,8.0
59297,58419,1.0
59297,59730,4.0
59297,61284,2.0
59297,70149,2.0
59297,76897,2.0
59297,79568,3.0
59297,190320,1.0
59730,10106,1.0
59730,48234,2.0
59730,59297,5.0
59730,70149,2.0
59730,76897,15.0
59730,79568,5.0
60153,43169,1.0
60153,92772,2.0
60153,547452,2.0
60801,23974,4.0
60801,24916,1.0
60801,38490,23.0
60801,45196,5.0
60801,76904,1.0
60801,99504,5.0
61011,10078,1.0
61011,10283,2.0
61011,10434,5.0
61011,12053,1.0
61011,17757,21.0
61011,18455,4.0
61011,28663,2.0
61011,46376,1.0
61011,48633,1.0
61284,19656,1.0
61284,58419,7.0
61284,59297,1.0
61284,76897,1.0
61486,10067,1.0
61486,18973,1.0
61486,51257,1.0
61486,53613,1.0
61486,147126,1.0
61486,532354,3.0
63254,11015,1.0
63254,26971,1.0
63254,32740,3.0
63254,43824,1.0
63254,75150,1.0
63254,134259,2.0
63254,138720,1.0
63254,194525,7.0
63254,198061,28.0
63254,205509,13.0
63900,12737,2.0
63900,20046,6.0
64108,10689,3.0
64108,11133,1.0
64108,16931,2.0
64108,16983,2.0
64108,17322,1.0
64108,80419,4.0
64108,80724,1.0
64108,82900,4.0
64108,803702,3.0
64108,805620,2.0
64108,805849,1.0
64108,805966,9.0
64108,807678,3.0
64767,20046,1.0
64767,51528,1.0
64767,57086,9.0
64767,75080,1.0
64767,101999,31.0
64767,111999,12.0
64767,132084,1.0
64767,194866,2.0
64767,551827,16.0
64841,18973,1.0
64841,32740,8.0
64841,38640,2.0
64841,91784,2.0
64841,106761,1.0
64841,111999,1.0
64841,116102,1.0
64841,535597,3.0
65465,10434,9.0
65465,10584,1.0
65465,11334,1.0
65465,17757,14.0
65465,18455,4.0
65465,21128,3.0
65465,48633,1.0
66375,103744,26.0
66375,143437,10.0
66375,153071,10.0
66375,517159,3.0
66375,535248,2.0
66375,546552,1.0
66375,573573,1.0
67639,20046,7.0
67639,25244,4.0
67639,46527,1.0
67639,49374,3.0
67639,51528,1.0
67639,57086,1.0
67639,64767,1.0
67639,69912,1.0
67639,152853,2.0
67639,194866,11.0
67899,52075,4.0
67899,131194,15.0
68582,12517,1.0
68582,12737,3.0
68582,46527,9.0
68582,53445,2.0
68582,56387,2.0
68582,150916,10.0
68582,206504,13.0
68582,537429,2.0
68582,550408,1.0
69912,12517,4.0
69912,12737,5.0
69912,13406,2.0
69912,14539,4.0
69912,15479,53.0
69912,18973,25.0
69912,21320,1.0
69912,25244,7.0
69912,42159,1.0
69912,48134,2.0
69912,49374,2.0
69912,51709,1.0
69912,54580,9.0
69912,72285,13.0
69912,83558,4.0
69912,94054,16.0
69912,112083,1.0
69912,114108,3.0
69912,140043,5.0
69912,143872,4.0
69912,148683,6.0
69912,160373,8.0
69912,166237,19.0
69912,166430,1.0
69912,171969,1.0
69912,189486,2.0
69912,192562,2.0
69912,193622,5.0
69912,217073,57.0
69912,532354,8.0
69912,543156,8.0
69912,544125,2.0
69912,547452,2.0
69912,550760,3.0
70149,48234,5.0
70149,58419,4.0
70149,59297,4.0
70149,59730,3.0
70149,76897,1.0
70149,79568,2.0
70149,80514,1.0
72285,10067,1.0
72285,46048,1.0
72285,46527,1.0
72285,51709,4.0
72285,61486,1.0
72285,79493,3.0
72285,83558,1.0
72285,112083,36.0
72285,139242,11.0
72285,140043,1.0
72285,148683,1.0
73789,33329,10.0
73789,128211,8.0
73789,167460,3.0
73789,198061,4.0
73789,205509,2.0
73789,215846,1.0
74105,10128,1.0
74105,10689,1.0
74105,10728,1.0
74105,11272,3.0
74105,12053,1.0
74105,13600,3.0
74105,14091,1.0
74105,16983,1.0
74105,17253,4.0
74105,17584,3.0
74105,31362,1.0
74105,801143,8.0
74105,803126,34.0
74105,803702,2.0
74105,804631,1.0
74105,805620,1.0
74105,805752,1.0
74105,806001,2.0
74105,810000,1.0
74105,812693,1.0
74105,908816,3.0
74105,909325,2.0
74829,12737,2.0
74829,20046,8.0
74829,38640,1.0
74829,52435,1.0
74829,152853,15.0
74829,194866,1.0
74829,531688,1.0
74829,544125,1.0
75080,10067,4.0
75080,57086,1.0
75080,60153,3.0
75080,83558,1.0
75080,92772,4.0
75080,111999,6.0
75080,122842,27.0
75080,135691,19.0
75080,166430,4.0
75150,63254,12.0
75150,73789,1.0
75150,134259,3.0
75150,153617,4.0
75150,215846,11.0
75150,574779,1.0
76897,48234,2.0
76897,58419,2.0
76897,59297,3.0
76897,59730,2.0
76897,70149,1.0
76897,79568,3.0
76904,35329,51.0
76904,46599,8.0
76904,105674,16.0
79493,57086,2.0
79493,147126,1.0
79493,551827,2.0
79568,48234,2.0
79568,58419,1.0
79568,59297,4.0
79568,59730,5.0
79568,67899,1.0
79568,70149,3.0
79568,76897,10.0
79568,80514,1.0
79651,19656,1.0
79651,52075,18.0
79651,67899,1.0
79651,103848,6.0
79651,131194,2.0
79651,137096,1.0
80419,10570,1.0
80419,10689,33.0
80419,16338,2.0
80419,64108,2.0
80419,80724,2.0
80419,803126,1.0
80419,803702,5.0
80419,805620,5.0
80419,805849,8.0
80419,805966,10.0
80419,806001,1.0
80419,806465,4.0
80419,809503,1.0
80419,812693,2.0
80419,909325,1.0
80514,10078,1.0
80514,67899,2.0
80514,82125,15.0
80514,101506,16.0
80514,111450,4.0
80514,131194,2.0
80514,145353,4.0
80529,25244,5.0
80529,32610,1.0
80529,32740,1.0
80529,38640,18.0
80529,49374,19.0
80529,51099,15.0
80529,51528,3.0
80529,91784,5.0
80529,106761,1.0
80529,128570,46.0
80529,152853,1.0
80529,532354,2.0
80529,532355,23.0
80529,535628,3.0
80529,544125,18.0
80529,551827,3.0
80724,10440,3.0
80724,10689,34.0
80724,14113,1.0
80724,17253,1.0
80724,64108,3.0
80724,80419,3.0
80724,805620,2.0
80724,805849,4.0
80724,805966,4.0
80724,806465,1.0
80724,807678,1.0
80724,812693,1.0
80896,12211,1.0
80896,12517,1.0
80896,53445,9.0
80896,68582,2.0
80896,150916,11.0
80896,189354,1.0
80896,206504,2.0
80896,537429,3.0
80896,550408,2.0
81808,52075,6.0
81808,80514,2.0
81808,111450,2.0
81808,137096,18.0
81808,190320,1.0
82125,52075,2.0
82125,80514,3.0
82125,101506,6.0
82125,131194,1.0
82678,51709,2.0
82678,51744,3.0
82678,60153,12.0
82678,92772,7.0
82678,116102,34.0
82678,194223,14.0
82678,535597,1.0
82900,10434,1.0
82900,10649,2.0
82900,10671,1.0
82900,10923,8.0
82900,13317,1.0
82900,14863,1.0
82900,14899,1.0
82900,48633,2.0
82900,80419,2.0
82900,805963,2.0
82900,809034,2.0
83558,10067,4.0
83558,79493,4.0
83558,112083,4.0
83558,149919,3.0
83558,160373,16.0
83558,166237,2.0
83558,166430,34.0
83558,532671,3.0
83558,543156,2.0
89795,10443,1.0
89795,10451,2.0
89795,103744,4.0
89795,143437,12.0
89795,153071,4.0
89795,516915,1.0
89795,539612,20.0
89795,549570,6.0
90293,52075,20.0
90293,67899,1.0
90293,131194,3.0
90293,137096,3.0
91643,10451,2.0
91643,11015,10.0
91643,12211,1.0
91643,12517,1.0
91643,14539,1.0
91643,32740,9.0
91643,46527,5.0
91643,61486,6.0
91643,72285,1.0
91643,80896,1.0
91643,94054,9.0
91643,112083,4.0
91643,114108,3.0
91643,166237,5.0
91643,531688,1.0
91643,550760,3.0
91784,11015,5.0
91784,12737,1.0
91784,18973,3.0
91784,32610,1.0
91784,64841,31.0
91784,114108,5.0
91784,119038,5.0
91784,123218,6.0
91784,132084,1.0
91784,136629,3.0
91784,141329,5.0
91784,142306,1.0
91784,142676,2.0
91784,151957,1.0
91784,209958,2.0
91784,531688,1.0
92772,10067,4.0
92772,21320,5.0
92772,23207,3.0
92772,23951,2.0
92772,43169,2.0
92772,51709,1.0
92772,51744,1.0
92772,60153,24.0
92772,64841,2.0
92772,75080,1.0
92772,114108,2.0
92772,123218,2.0
92772,149919,2.0
92772,166430,1.0
92772,532671,1.0
93013,18919,30.0
93013,20971,33.0
93013,32610,1.0
93013,35426,3.0
93013,49374,3.0
93013,51099,4.0
93013,74829,1.0
93013,80529,12.0
93013,106761,1.0
93013,142676,7.0
94054,72285,1.0
94054,140043,1.0
94054,543156,2.0
97194,102509,1.0
97316,10150,1.0
97316,55303,1.0
99179,12517,4.0
99179,13406,4.0
99179,14539,2.0
99179,103744,6.0
99179,516915,1.0
99179,539612,2.0
99179,546552,11.0
99179,549570,5.0
99504,23974,66.0
99504,24916,56.0
99504,38490,1.0
99504,40996,1.0
99504,45196,19.0
99504,60801,14.0
101155,35852,5.0
101155,40996,2.0
101506,52075,16.0
101506,80514,2.0
101506,90293,1.0
101506,111450,1.0
101506,131194,14.0
101506,137096,1.0
101999,46527,1.0
101999,51528,3.0
101999,57086,3.0
101999,64767,21.0
101999,106761,1.0
101999,111999,5.0
101999,114108,1.0
101999,132084,4.0
102509,12517,7.0
102509,12737,2.0
102509,20428,9.0
102509,20869,1.0
102509,26971,4.0
102509,63254,2.0
102509,97194,2.0
102509,115321,3.0
102509,133947,3.0
102509,138720,4.0
102509,205509,7.0
102509,434494,34.0
103744,66375,1.0
103744,112650,1.0
103744,546552,1.0
103848,131194,5.0
104892,54580,2.0
105674,35852,3.0
105674,40996,1.0
106275,11015,4.0
106275,12737,1.0
106275,115321,1.0
106275,134259,3.0
106275,205509,1.0
106275,218895,5.0
106548,39954,1.0
106548,51117,1.0
106761,10067,3.0
106761,20971,1.0
106761,32740,1.0
106761,51099,1.0
106761,75080,1.0
106761,111999,5.0
106761,119038,1.0
106761,122842,8.0
106761,128570,29.0
106761,142676,1.0
106761,194866,3.0
106761,532355,13.0
109875,19786,45.0
109875,22613,44.0
109875,24218,2.0
109875,50474,15.0
111450,19656,2.0
111450,52075,39.0
111450,58419,1.0
111450,79651,1.0
111450,80514,6.0
111450,81808,1.0
111450,103848,13.0
111450,131194,2.0
111450,137096,15.0
111450,190320,3.0
111999,10443,2.0
111999,46527,2.0
111999,57086,4.0
111999,64767,3.0
111999,75080,4.0
111999,106761,4.0
112083,10067,2.0
112083,32740,1.0
112083,46048,3.0
112083,46527,3.0
112083,51709,12.0
112083,72285,17.0
112083,83558,4.0
112083,91643,7.0
112083,149919,2.0
112083,193622,15.0
112083,544125,14.0
112083,547452,4.0
112650,66375,1.0
112650,143437,2.0
112650,516915,1.0
112650,535248,4.0
114108,18973,1.0
114108,32740,6.0
114108,57157,1.0
114108,91784,1.0
114108,111999,3.0
114108,112083,2.0
114108,122842,1.0
114108,149919,1.0
114108,543156,3.0
115321,102509,1.0
115321,134259,2.0
115321,138720,1.0
115321,167048,1.0
115321,194525,3.0
115321,198061,5.0
115321,205509,1.0
115321,218895,6.0
116102,10067,6.0
116102,32740,1.0
116102,51709,8.0
116102,60153,3.0
116102,64841,6.0
116102,82678,15.0
116102,92772,11.0
116102,119038,4.0
116102,123218,1.0
116102,136629,4.0
116102,542692,2.0
116102,544125,13.0
117954,24170,1.0
119038,43169,1.0
119038,57086,3.0
119038,60153,6.0
119038,64841,1.0
119038,135691,1.0
119038,532354,1.0
119038,547452,8.0
122842,10067,7.0
122842,35655,1.0
122842,64841,3.0
122842,75080,8.0
122842,92772,5.0
122842,106761,10.0
122842,111999,3.0
122842,114108,2.0
122842,119038,4.0
122842,141329,3.0
122842,209958,6.0
122842,544125,21.0
123218,11015,8.0
123218,23951,3.0
123218,51240,1.0
123218,61486,1.0
123218,82678,10.0
123218,116102,2.0
123218,136629,1.0
123218,142306,3.0
123218,143872,1.0
123218,149627,2.0
123218,165590,8.0
123218,531688,3.0
123218,544125,1.0
123360,15625,4.0
123360,21415,19.0
123360,22759,22.0
123360,53445,1.0
123360,53613,5.0
123360,56107,7.0
123609,15479,4.0
123609,18061,22.0
123609,21320,26.0
123609,48134,13.0
123609,64841,2.0
123609,143872,5.0
123609,209958,1.0
123609,532671,8.0
126208,10067,3.0
126208,11015,1.0
126208,51709,7.0
126208,56107,2.0
126208,537429,9.0
126208,550408,11.0
128211,10067,3.0
128211,33329,1.0
128211,73789,2.0
128570,10067,5.0
128570,64841,2.0
128570,106761,12.0
128570,111999,5.0
128570,142676,6.0
128570,544125,11.0
131194,103848,1.0
132084,11015,11.0
132084,38640,1.0
132084,57157,4.0
132084,64767,4.0
132084,114108,1.0
132084,141329,3.0
132084,142676,1.0
132084,189486,3.0
132084,194866,3.0
132084,535628,6.0
132084,543156,2.0
132949,23018,28.0
132949,25244,1.0
132949,49374,3.0
132949,51528,3.0
132949,51896,10.0
132949,57086,1.0
132949,57157,1.0
132949,67639,2.0
132949,114108,3.0
132949,132084,11.0
132949,149919,1.0
132949,926416,7.0
133947,97194,1.0
133947,190403,5.0
134259,10067,1.0
134259,63254,2.0
134259,75150,1.0
134259,106275,13.0
134259,115321,12.0
134259,167048,15.0
134259,215846,2.0
134259,574779,22.0
135691,114108,1.0
135691,122842,4.0
135691,128570,1.0
135691,162626,1.0
135691,551827,1.0
136629,10067,1.0
136629,11015,3.0
136629,142306,1.0
136629,151946,1.0
136629,531688,1.0
137096,19656,2.0
137096,58419,1.0
137096,59297,2.0
137096,61284,1.0
137096,70149,1.0
137096,80514,8.0
137096,81808,1.0
137096,111450,3.0
137096,145353,2.0
137096,538013,1.0
138720,10067,1.0
138720,20428,29.0
138720,25113,1.0
138720,43824,1.0
138720,102509,6.0
138720,134259,2.0
139242,46048,1.0
139242,112083,3.0
139242,160373,8.0
139242,166237,1.0
140043,69912,1.0
140043,94054,10.0
140043,114108,1.0
140043,148683,2.0
140043,166237,11.0
140043,193622,2.0
141329,11015,4.0
141329,32740,1.0
141329,38640,9.0
141329,49374,1.0
141329,75080,2.0
141329,91784,2.0
141329,123218,1.0
141329,132084,3.0
141329,142306,1.0
141329,151957,4.0
141329,209958,4.0
141329,535597,3.0
141329,544125,1.0
142306,11015,3.0
142306,46527,1.0
142306,51257,1.0
142306,51744,1.0
142306,64841,2.0
142306,75080,1.0
142306,82678,6.0
142306,136629,1.0
142306,147126,1.0
142306,151957,1.0
142306,165590,4.0
142306,166237,1.0
142306,531688,7.0
142676,11015,6.0
142676,32740,2.0
142676,38640,3.0
142676,57086,5.0
142676,75080,1.0
142676,91784,1.0
142676,106761,4.0
142676,132084,3.0
142676,152853,1.0
142676,194866,3.0
142676,535628,2.0
142676,543156,2.0
142676,544125,2.0
143437,66375,1.0
143437,153071,1.0
143437,516915,1.0
143437,539612,2.0
143437,549570,1.0
143872,11015,1.0
143872,12517,1.0
143872,21320,1.0
143872,32740,2.0
143872,43169,1.0
143872,46527,1.0
143872,69912,1.0
143872,83558,5.0
143872,92772,1.0
143872,119038,1.0
143872,123218,2.0
143872,147126,5.0
143872,165590,2.0
143872,209958,1.0
143872,531688,1.0
143872,535597,5.0
145353,19656,1.0
145353,52075,21.0
145353,82125,1.0
145353,103848,5.0
145353,131194,2.0
145353,137096,5.0
145695,14539,1.0
145695,18973,1.0
145695,23207,33.0
145695,35655,10.0
145695,43169,4.0
145695,49374,9.0
145695,51099,1.0
145695,60153,1.0
145695,92772,1.0
145695,162626,2.0
145695,209958,5.0
145695,553513,3.0
147126,11015,2.0
147126,46527,3.0
147126,72285,4.0
147126,83558,3.0
147126,142306,2.0
147126,148683,1.0
147126,151957,3.0
147126,531688,2.0
147205,19656,2.0
147205,48234,6.0
147205,52075,33.0
147205,58419,12.0
147205,59297,5.0
147205,59730,9.0
147205,61284,5.0
147205,67899,1.0
147205,70149,4.0
147205,76897,3.0
147205,79568,3.0
147205,79651,4.0
147205,80514,2.0
147205,81808,10.0
147205,82125,1.0
147205,90293,1.0
147205,101506,7.0
147205,103848,11.0
147205,111450,26.0
147205,131194,5.0
147205,137096,12.0
147205,145353,17.0
147205,190320,4.0
147205,538013,2.0
148683,11015,8.0
148683,12737,1.0
148683,20046,1.0
148683,46048,1.0
148683,46527,4.0
148683,72285,6.0
148683,83558,5.0
148683,140043,2.0
148683,147126,4.0
148683,193622,1.0
148683,544125,1.0
148683,550760,1.0
149627,23951,31.0
149627,38099,2.0
149627,49374,3.0
149627,51240,15.0
149627,51744,7.0
149627,123218,12.0
149919,10067,4.0
149919,21320,6.0
149919,23207,2.0
149919,23951,1.0
149919,43169,2.0
149919,57086,3.0
149919,60153,1.0
149919,79493,1.0
149919,92772,8.0
149919,114108,1.0
149919,123218,1.0
149919,532671,2.0
149919,543156,1.0
150916,10067,1.0
150916,11015,2.0
150916,46527,5.0
150916,53613,1.0
150916,80896,6.0
150916,537429,6.0
151946,11015,6.0
151946,18973,2.0
151946,51240,1.0
151946,51257,29.0
151946,56387,1.0
151946,136629,6.0
151946,142306,2.0
151946,166237,2.0
151946,531688,1.0
151946,542692,1.0
151957,11015,3.0
151957,46527,4.0
151957,51744,1.0
151957,64841,1.0
151957,75080,4.0
151957,82678,2.0
151957,83558,1.0
151957,116102,1.0
151957,141329,1.0
151957,142306,3.0
151957,147126,1.0
151957,165590,2.0
151957,531688,5.0
151957,535597,1.0
151957,544125,2.0
151957,550760,1.0
152853,11015,4.0
152853,64841,8.0
152853,106761,12.0
152853,151957,1.0
152853,194866,4.0
152853,531688,1.0
152853,543156,1.0
153071,546552,3.0
153617,10067,5.0
153617,63254,7.0
153617,75150,1.0
153617,548922,4.0
160373,79493,1.0
160373,135691,2.0
160373,139242,1.0
160373,166430,2.0
160373,194223,7.0
162626,18973,1.0
162626,23207,3.0
162626,35655,4.0
162626,43169,1.0
162626,122842,4.0
162626,135691,1.0
162626,145695,1.0
164073,126208,1.0
164073,537429,1.0
165590,550760,2.0
166160,11015,9.0
166160,53445,4.0
166160,150916,2.0
166160,200486,1.0
166160,203402,2.0
166237,32740,1.0
166237,139242,1.0
166237,140043,2.0
166237,166430,1.0
166237,543156,1.0
166430,10067,3.0
166430,10451,2.0
166430,43169,1.0
166430,46527,2.0
166430,56387,9.0
166430,75080,2.0
166430,82678,2.0
166430,83558,9.0
166430,92772,3.0
166430,119038,8.0
166430,143872,9.0
166430,149919,4.0
166430,166237,2.0
166430,544125,1.0
166430,547452,6.0
167048,11015,9.0
167048,20046,1.0
167048,102509,1.0
167048,134259,3.0
167048,138720,4.0
167048,198061,3.0
167048,218895,3.0
167460,27822,8.0
167460,33329,11.0
167460,73789,1.0
167460,75150,2.0
167460,574779,1.0
171969,42159,2.0
171969,46048,9.0
171969,69912,8.0
171969,72285,1.0
171969,94054,1.0
171969,193622,3.0
171969,217073,1.0
189354,80896,1.0
189354,164073,1.0
189354,206504,2.0
189486,11015,2.0
189486,14539,1.0
189486,535628,8.0
190320,48234,12.0
190320,52075,1.0
190320,58419,15.0
190320,59297,11.0
190320,59730,2.0
190320,61284,10.0
190320,70149,12.0
190320,76897,4.0
190320,79568,12.0
190320,111450,5.0
190320,137096,6.0
190403,63254,12.0
190403,205509,1.0
192562,12517,8.0
192562,18973,16.0
192562,46527,4.0
192562,49374,2.0
192562,51257,2.0
192562,51709,1.0
192562,53445,7.0
192562,56387,7.0
192562,69912,2.0
192562,106275,2.0
192562,532354,5.0
193622,11015,10.0
193622,69912,1.0
193622,72285,9.0
193622,83558,1.0
193622,143872,2.0
193622,147126,2.0
193622,148683,4.0
193622,543156,2.0
194223,94054,1.0
194223,116102,2.0
194223,122842,2.0
194223,135691,3.0
194223,160373,1.0
194223,162626,1.0
194223,166430,1.0
194223,551827,2.0
194525,10067,2.0
194525,11015,1.0
194525,218895,7.0
194866,11015,5.0
194866,46527,4.0
194866,64767,12.0
194866,64841,1.0
194866,67639,2.0
194866,75080,2.0
194866,83558,2.0
194866,151957,2.0
194866,152853,2.0
194866,531688,3.0
194866,547452,1.0
198061,10067,2.0
198061,11015,4.0
198061,12517,1.0
198061,63254,2.0
200486,11015,3.0
200486,550408,2.0
203402,10067,3.0
203402,11015,12.0
203402,56387,1.0
203402,200486,2.0
203402,550408,2.0
205509,10067,2.0
205509,11015,6.0
205509,198061,1.0
206504,11015,2.0
206504,53445,2.0
206504,53613,1.0
206504,68582,2.0
206504,80896,1.0
206504,150916,2.0
206504,546132,2.0
209958,11015,3.0
209958,32740,1.0
209958,38640,3.0
209958,75080,4.0
209958,119038,1.0
209958,123218,1.0
209958,141329,2.0
209958,143872,1.0
209958,151957,3.0
209958,165590,3.0
209958,194866,4.0
209958,553513,1.0
215846,133947,1.0
217073,42159,2.0
217073,46048,15.0
217073,46527,1.0
217073,54580,5.0
217073,69912,51.0
217073,72285,29.0
217073,79493,6.0
217073,91643,1.0
217073,94054,2.0
217073,112083,4.0
217073,139242,14.0
217073,140043,7.0
217073,148683,4.0
217073,171969,2.0
217073,193622,37.0
217073,532354,6.0
217073,543156,14.0
217073,547452,1.0
218895,11015,1.0
218895,12517,1.0
218895,167048,1.0
225466,10283,2.0
225466,31334,1.0
434494,20869,4.0
434494,26971,4.0
434494,63900,1.0
434494,97194,4.0
434494,102509,25.0
434494,115321,12.0
434494,128211,1.0
434494,133947,4.0
434494,167048,3.0
434494,190403,2.0
434494,198061,2.0
434494,205509,5.0
515278,10443,12.0
515278,10451,16.0
515278,12211,34.0
515278,12517,15.0
515278,12737,52.0
515278,13406,1.0
515278,14539,7.0
515278,17015,30.0
515278,32740,12.0
515278,35852,8.0
515278,40996,12.0
515278,50414,2.0
515278,51240,2.0
515278,52435,1.0
515278,54580,5.0
515278,64767,1.0
515278,91784,1.0
515278,99179,1.0
515278,140043,7.0
515278,160373,1.0
515278,190403,1.0
515278,193622,1.0
515278,194223,1.0
515278,521632,3.0
515278,525221,15.0
515278,532354,1.0
515278,535597,1.0
515278,535628,2.0
515278,543156,9.0
515278,546552,10.0
516915,10443,1.0
516915,89795,7.0
516915,103744,4.0
516915,112650,5.0
516915,143437,10.0
516915,153071,10.0
516915,535248,1.0
516915,539612,11.0
516915,546552,1.0
516915,573573,3.0
517159,66375,5.0
517159,521632,4.0
521632,103744,9.0
521632,112650,1.0
521632,143437,4.0
521632,517159,2.0
521632,525221,4.0
521632,535248,1.0
521632,546552,1.0
531688,51257,1.0
532354,10067,4.0
532354,46048,5.0
532354,51528,2.0
532354,51744,5.0
532354,53445,1.0
532354,61486,1.0
532354,64767,1.0
532354,72285,3.0
532354,82678,1.0
532354,83558,2.0
532354,116102,1.0
532354,139242,3.0
532354,140043,1.0
532354,160373,3.0
532354,164073,5.0
532354,194223,3.0
532354,200486,1.0
532354,532355,1.0
532354,532671,1.0
532354,537429,1.0
532354,547452,4.0
532355,128570,8.0
532355,551827,1.0
532671,21320,21.0
532671,64841,1.0
532671,75080,2.0
532671,83558,18.0
532671,92772,11.0
532671,93013,5.0
532671,123609,2.0
532671,143872,3.0
532671,145695,11.0
532671,147126,4.0
532671,149919,12.0
532671,166237,1.0
532671,166430,7.0
532671,171969,3.0
532671,193622,2.0
532671,194866,1.0
532671,532354,1.0
532671,547452,5.0
535248,539612,4.0
535597,11015,2.0
535597,49374,1.0
535597,51257,10.0
535597,60153,1.0
535597,64841,11.0
535597,75080,1.0
535597,82678,1.0
535597,114108,3.0
535597,119038,2.0
535597,123218,8.0
535597,142306,2.0
535597,143872,9.0
535597,147126,2.0
535597,160373,1.0
535597,166237,14.0
535597,166430,1.0
535597,193622,3.0
535597,209958,12.0
535597,547452,9.0
535628,11015,2.0
535628,46527,2.0
535628,50414,1.0
535628,51528,1.0
535628,57086,1.0
535628,64841,1.0
535628,74829,1.0
535628,79493,1.0
535628,94054,7.0
535628,114108,8.0
535628,132084,10.0
535628,142676,3.0
535628,166237,4.0
535628,189486,21.0
535628,194866,2.0
537429,10067,2.0
537429,21415,1.0
537429,51709,8.0
537429,53613,1.0
537429,126208,41.0
537429,164073,26.0
537429,189354,3.0
537429,546132,1.0
538013,48234,1.0
538013,131194,1.0
538013,145353,1.0
539612,66375,2.0
539612,89795,40.0
539612,517159,1.0
539612,549570,1.0
539612,573573,9.0
542692,10067,3.0
542692,23951,4.0
542692,51257,4.0
542692,51709,1.0
542692,51744,5.0
542692,60153,20.0
542692,61486,2.0
542692,64841,3.0
542692,92772,2.0
542692,123218,1.0
543156,11015,4.0
543156,13406,1.0
543156,18973,5.0
543156,46527,3.0
543156,72285,2.0
543156,75080,1.0
543156,94054,7.0
543156,111999,1.0
543156,114108,41.0
543156,119038,2.0
543156,122842,1.0
543156,132084,13.0
543156,140043,1.0
543156,143872,9.0
543156,147126,4.0
543156,148683,2.0
543156,166237,16.0
543156,189486,7.0
543156,193622,10.0
543156,194866,3.0
543156,217073,1.0
543156,547452,7.0
544125,11015,2.0
544125,32740,12.0
544125,46527,6.0
544125,72285,24.0
544125,75080,23.0
544125,82678,18.0
544125,91643,16.0
544125,106761,24.0
544125,123218,5.0
544125,140043,1.0
544125,141329,10.0
544125,142306,13.0
544125,142676,16.0
544125,147126,1.0
544125,148683,14.0
544125,151957,8.0
544125,152853,16.0
544125,165590,4.0
544125,189486,7.0
544125,193622,9.0
544125,194866,1.0
544125,209958,5.0
546132,11015,4.0
546132,12737,1.0
546132,14539,1.0
546132,18973,2.0
546132,150916,2.0
546132,537429,2.0
546132,550408,9.0
546552,13406,1.0
546552,66375,2.0
546552,89795,1.0
546552,153071,1.0
546552,521632,4.0
546552,525221,1.0
546552,539612,2.0
546552,573573,3.0
547452,57086,3.0
547452,149919,1.0
547452,532354,1.0
548922,153617,5.0
548922,215846,2.0
548922,218895,1.0
549570,14539,1.0
549570,66375,8.0
549570,89795,1.0
549570,99179,4.0
549570,103744,1.0
549570,112650,8.0
549570,143437,21.0
549570,153071,1.0
549570,516915,10.0
549570,517159,4.0
549570,521632,2.0
549570,525221,1.0
549570,535248,1.0
549570,539612,11.0
549570,546552,6.0
549570,573573,15.0
550408,11015,11.0
550408,68582,1.0
550408,80896,1.0
550408,150916,5.0
550408,203402,3.0
550408,206504,6.0
550408,537429,10.0
550408,546132,11.0
550760,12737,1.0
550760,20046,2.0
550760,23207,2.0
550760,38099,1.0
550760,46527,15.0
550760,49374,1.0
550760,56387,1.0
550760,82678,1.0
550760,83558,2.0
550760,91643,2.0
550760,142306,5.0
550760,147126,12.0
550760,148683,12.0
550760,149627,1.0
550760,151957,5.0
550760,165590,5.0
550760,194866,1.0
550760,209958,1.0
551254,24194,35.0
551254,103634,7.0
551827,57157,4.0
551827,64767,1.0
551827,101999,9.0
551827,532355,4.0
553513,18973,4.0
553513,23207,17.0
553513,32610,15.0
553513,35655,1.0
553513,43169,10.0
553513,49374,48.0
553513,60153,2.0
553513,75080,16.0
553513,114108,2.0
553513,122842,3.0
553513,135691,6.0
553513,141329,9.0
553513,143872,4.0
553513,145695,1.0
553513,151957,8.0
553513,162626,1.0
553513,209958,37.0
553513,543156,1.0
570389,26725,2.0
570389,53093,1.0
570389,104892,1.0
573573,89795,9.0
573573,546552,1.0
574779,12737,11.0
574779,27822,2.0
574779,33329,4.0
574779,63254,3.0
574779,73789,2.0
574779,75150,12.0
574779,106275,2.0
574779,109407,1.0
574779,115321,2.0
574779,134259,4.0
574779,167460,1.0
574779,194525,1.0
574779,215846,4.0
574779,218895,1.0
800014,10106,1.0
800014,10117,1.0
800014,10576,3.0
800014,21128,1.0
800014,28663,3.0
800014,31362,18.0
800014,802425,2.0
800014,803420,2.0
800014,803564,59.0
800014,804631,1.0
800014,804978,1.0
800014,805849,2.0
800014,806001,75.0
800014,806465,4.0
800014,807245,2.0
800014,807518,6.0
800014,809037,13.0
800014,812267,1.0
800014,816764,16.0
800014,907684,7.0
800014,908816,9.0
800014,909325,7.0
800014,911199,1.0
800381,805966,1.0
800381,807518,1.0
801143,11011,1.0
801143,15291,33.0
801143,18957,7.0
801143,31362,1.0
801143,800014,1.0
801143,802425,3.0
801143,803126,1.0
801143,803564,15.0
801143,804978,1.0
801143,805752,1.0
801143,806001,22.0
801143,807678,1.0
801143,809037,5.0
801143,809503,1.0
801143,908816,3.0
801143,909325,2.0
801577,10106,3.0
801577,10576,1.0
801577,10689,1.0
801577,28663,2.0
801577,31362,29.0
801577,801943,1.0
801577,803564,38.0
801577,806001,45.0
801577,807518,3.0
801577,807581,1.0
801577,807668,2.0
801577,809037,5.0
801577,810081,1.0
801577,812693,1.0
801577,816764,6.0
801577,907684,17.0
801577,908816,3.0
801577,909325,1.0
801743,10689,12.0
801743,14502,1.0
801743,801943,12.0
801743,812267,1.0
801943,10576,1.0
801943,10689,2.0
801943,14063,1.0
801943,14502,1.0
801943,14600,3.0
801943,16338,1.0
801943,17253,1.0
801943,18455,1.0
801943,46376,1.0
801943,64108,1.0
801943,80419,3.0
801943,80724,2.0
801943,800014,3.0
801943,801743,25.0
801943,801984,12.0
801943,803277,1.0
801943,803420,3.0
801943,805752,23.0
801943,806001,1.0
801943,806187,4.0
801943,807581,5.0
801943,809503,33.0
801943,810081,2.0
801943,812267,17.0
801943,812693,1.0
801943,907888,49.0
801984,14600,1.0
801984,16338,7.0
801984,17757,1.0
801984,31362,5.0
801984,46376,2.0
801984,801577,1.0
801984,801943,5.0
801984,803277,1.0
801984,803420,7.0
801984,804978,12.0
801984,805863,3.0
801984,806001,46.0
801984,806465,1.0
801984,807314,1.0
801984,807668,6.0
801984,812267,7.0
801984,908365,2.0
802425,10091,1.0
802425,10180,4.0
802425,10580,1.0
802425,10671,10.0
802425,10841,1.0
802425,11011,10.0
802425,12628,1.0
802425,15291,3.0
802425,17757,1.0
802425,18957,26.0
802425,28663,2.0
802425,31334,3.0
802425,31362,4.0
802425,800381,1.0
802425,802444,1.0
802425,803126,1.0
802425,804185,1.0
802444,10689,1.0
802444,14899,4.0
802444,17757,3.0
802444,18940,2.0
802444,28663,6.0
802444,31334,9.0
802444,31362,9.0
802444,65465,3.0
802444,82900,1.0
802444,800014,1.0
802444,803420,1.0
802444,803702,1.0
802444,804185,1.0
802444,805849,1.0
802444,806465,1.0
802444,807678,1.0
802444,808085,1.0
802444,907684,2.0
802444,909760,1.0
802444,911199,5.0
803126,16983,2.0
803126,17757,1.0
803126,800381,1.0
803277,14502,13.0
803277,15291,2.0
803277,16338,4.0
803277,801743,3.0
803277,801943,1.0
803277,803564,9.0
803277,908365,39.0
803420,10576,1.0
803420,11011,2.0
803420,14600,2.0
803420,16338,3.0
803420,17757,9.0
803420,28663,7.0
803420,31362,3.0
803420,46376,1.0
803420,64108,1.0
803420,80419,9.0
803420,80724,1.0
803420,801577,1.0
803420,803564,1.0
803420,804185,3.0
803420,804978,2.0
803420,805752,2.0
803420,805863,23.0
803420,807314,1.0
803420,807581,1.0
803420,807668,1.0
803420,809034,3.0
803420,812267,1.0
803420,813858,1.0
803420,815910,1.0
803420,907684,5.0
803420,907888,1.0
803420,911199,21.0
803564,10180,1.0
803564,10671,1.0
803564,10689,18.0
803564,10841,1.0
803564,11687,2.0
803564,16338,1.0
803564,16983,27.0
803564,17253,33.0
803564,17322,1.0
803564,46376,1.0
803564,47608,1.0
803564,64108,4.0
803564,80419,11.0
803564,80724,7.0
803564,82900,5.0
803564,800014,89.0
803564,800381,1.0
803564,801143,16.0
803564,801577,85.0
803564,801743,4.0
803564,801943,1.0
803564,801984,5.0
803564,803702,22.0
803564,804185,4.0
803564,805170,7.0
803564,805620,5.0
803564,805752,31.0
803564,805849,20.0
803564,805963,54.0
803564,806001,1.0
803564,806187,5.0
803564,806465,72.0
803564,807245,2.0
803564,807581,6.0
803564,807678,15.0
803564,808085,21.0
803564,809037,10.0
803564,810081,6.0
803564,812267,2.0
803564,812693,6.0
803564,813858,3.0
803564,815910,2.0
803564,907888,1.0
803564,909325,97.0
803702,10576,15.0
803702,10689,54.0
803702,16983,2.0
803702,17253,13.0
803702,64108,2.0
803702,74105,62.0
803702,80419,3.0
803702,80724,3.0
803702,800014,1.0
803702,800381,28.0
803702,801143,2.0
803702,801943,8.0
803702,801984,27.0
803702,804631,11.0
803702,805170,38.0
803702,805620,1.0
803702,805752,1.0
803702,805849,1.0
803702,805963,1.0
803702,806187,4.0
803702,806465,3.0
803702,807518,12.0
803702,807581,15.0
803702,807678,1.0
803702,809037,2.0
803702,812693,4.0
803702,907684,7.0
803702,909325,1.0
803702,911199,2.0
804185,10091,1.0
804185,10180,2.0
804185,10671,5.0
804185,11011,23.0
804185,11431,1.0
804185,12628,1.0
804185,15291,3.0
804185,17757,4.0
804185,18957,7.0
804185,28663,1.0
804185,31334,4.0
804185,31362,7.0
804185,802425,2.0
804185,803126,2.0
804185,803420,1.0
804185,803564,1.0
804185,804978,1.0
804185,805849,1.0
804185,806001,2.0
804185,911199,3.0
804631,800381,91.0
804631,805849,1.0
804631,805966,2.0
804631,807518,8.0
804978,10117,2.0
804978,11011,4.0
804978,11431,1.0
804978,17757,10.0
804978,28663,2.0
804978,31334,1.0
804978,31362,12.0
804978,800014,2.0
804978,801577,1.0
804978,803420,4.0
804978,805752,1.0
804978,805863,2.0
804978,806001,1.0
804978,806128,1.0
804978,807581,1.0
804978,911199,1.0
805170,15291,1.0
805170,31334,2.0
805170,82900,1.0
805170,802425,29.0
805170,804185,33.0
805620,14502,10.0
805620,803564,1.0
805620,807314,1.0
805620,807518,1.0
805620,809037,2.0
805752,10689,1.0
805752,16338,46.0
805752,17757,5.0
805752,31362,2.0
805752,801943,14.0
805752,803420,3.0
805752,804978,1.0
805752,805963,1.0
805752,812267,1.0
805752,812693,9.0
805849,10180,1.0
805849,16983,1.0
805849,82900,2.0
805849,800381,22.0
805849,801577,2.0
805849,803420,1.0
805849,803702,2.0
805849,804631,18.0
805849,804978,2.0
805849,805963,4.0
805849,805966,7.0
805849,806465,1.0
805849,807518,4.0
805849,807581,1.0
805849,807668,1.0
805849,807678,5.0
805849,808085,3.0
805849,809034,1.0
805849,813858,2.0
805863,16338,6.0
805863,17757,9.0
805863,21128,3.0
805863,28663,2.0
805863,31362,5.0
805863,47608,1.0
805863,800014,4.0
805863,801143,5.0
805863,803420,5.0
805863,803702,1.0
805863,804978,45.0
805863,805620,1.0
805863,805849,2.0
805863,805963,8.0
805863,806001,13.0
805863,807314,1.0
805863,807581,1.0
805863,807678,8.0
805863,808085,6.0
805863,812267,11.0
805863,815910,1.0
805963,82900,1.0
805963,803564,1.0
805963,803702,2.0
805963,804631,1.0
805963,806465,1.0
805963,807518,1.0
805963,807678,2.0
805966,10180,1.0
805966,800381,23.0
805966,801143,1.0
805966,804631,22.0
805966,805849,6.0
805966,806465,1.0
805966,807518,1.0
805966,807678,3.0
805966,808085,2.0
806001,11431,1.0
806001,15291,52.0
806001,17757,37.0
806001,18957,14.0
806001,28663,4.0
806001,31362,10.0
806001,802425,1.0
806001,803420,3.0
806001,803702,1.0
806001,804185,1.0
806001,804978,22.0
806001,805863,1.0
806001,807581,1.0
806001,809034,5.0
806001,812693,2.0
806128,10117,1.0
806128,28663,13.0
806128,31362,10.0
806128,803420,1.0
806128,813858,1.0
806187,10689,1.0
806187,31362,6.0
806187,800014,1.0
806187,803564,2.0
806187,803702,1.0
806187,804978,12.0
806187,805863,1.0
806187,806001,19.0
806187,807518,3.0
806187,807668,9.0
806187,807678,1.0
806187,812267,1.0
806187,908365,14.0
806465,10576,15.0
806465,10689,63.0
806465,16983,16.0
806465,17253,20.0
806465,46376,1.0
806465,74105,61.0
806465,80419,2.0
806465,80724,4.0
806465,82900,1.0
806465,800381,31.0
806465,801984,18.0
806465,803564,1.0
806465,803702,4.0
806465,804631,19.0
806465,805170,15.0
806465,805620,5.0
806465,805849,1.0
806465,805963,8.0
806465,807245,2.0
806465,807518,29.0
806465,807581,5.0
806465,807678,6.0
806465,808085,2.0
806465,810081,1.0
806465,812693,5.0
806465,816764,1.0
806465,907684,6.0
806465,909325,2.0
807245,10689,1.0
807245,16983,9.0
807245,17253,1.0
807245,64108,1.0
807245,800381,4.0
807245,801143,3.0
807245,803702,1.0
807245,804631,1.0
807245,806465,2.0
807245,909325,3.0
807245,909760,8.0
807314,14502,3.0
807314,16338,35.0
807314,801943,6.0
807314,803420,1.0
807314,805620,1.0
807314,805863,1.0
807518,10576,1.0
807518,800381,125.0
807518,801143,1.0
807518,803702,1.0
807518,804631,6.0
807518,806465,1.0
807518,807678,1.0
807518,909325,1.0
807518,909760,1.0
807581,17757,1.0
807581,31362,9.0
807581,803420,5.0
807581,803564,2.0
807581,804978,15.0
807581,805752,1.0
807581,805849,3.0
807581,805863,3.0
807581,806001,41.0
807581,806465,1.0
807581,807668,12.0
807581,807678,2.0
807581,808085,1.0
807581,812267,3.0
807581,908365,6.0
807668,10689,1.0
807668,11431,3.0
807668,15291,1.0
807668,17757,8.0
807668,21128,1.0
807668,28663,4.0
807668,31334,2.0
807668,31362,12.0
807668,64108,1.0
807668,80724,4.0
807668,800014,33.0
807668,801143,13.0
807668,801577,17.0
807668,801984,8.0
807668,804978,31.0
807668,805752,2.0
807668,805849,4.0
807668,805863,1.0
807668,806001,10.0
807668,806128,2.0
807668,806187,14.0
807668,807518,11.0
807668,807581,19.0
807668,808085,2.0
807668,809034,1.0
807668,809037,5.0
807668,810029,1.0
807668,810081,9.0
807668,812267,1.0
807668,907684,1.0
807678,800381,6.0
807678,803420,2.0
807678,804631,11.0
807678,805849,7.0
807678,805963,2.0
807678,805966,2.0
807678,806465,4.0
807678,807518,1.0
807678,808085,3.0
807678,809034,2.0
808085,10671,2.0
808085,31334,1.0
808085,82900,6.0
808085,800381,4.0
808085,804631,4.0
808085,805963,4.0
808085,807518,1.0
808085,807678,3.0
809034,11011,2.0
809034,14899,1.0
809034,18940,4.0
809034,800014,1.0
809034,801984,2.0
809034,803420,9.0
809034,804631,2.0
809034,805849,5.0
809034,806128,8.0
809034,807518,2.0
809034,807581,5.0
809034,807668,4.0
809034,807678,2.0
809034,808085,1.0
809034,810081,2.0
809034,813858,17.0
809034,815910,1.0
809034,907684,14.0
809037,802425,1.0
809037,803420,1.0
809037,804185,2.0
809037,806001,5.0
809037,806465,1.0
809503,10689,17.0
809503,14502,4.0
809503,16338,2.0
809503,801943,12.0
809503,803420,2.0
809503,805620,2.0
809503,806001,1.0
810000,16983,1.0
810029,31362,3.0
810029,801984,3.0
810029,803420,16.0
810029,805863,24.0
810029,806001,1.0
810029,806187,2.0
810029,807668,66.0
810029,810081,1.0
810029,815910,1.0
810029,907684,65.0
810081,10689,1.0
810081,17757,2.0
810081,31362,1.0
810081,46376,1.0
810081,800014,1.0
810081,801577,3.0
810081,803420,5.0
810081,803564,1.0
810081,804185,1.0
810081,804978,18.0
810081,805620,1.0
810081,805752,1.0
810081,805849,1.0
810081,806001,9.0
810081,806187,5.0
810081,807668,11.0
810081,808085,1.0
810081,908365,14.0
811137,810000,1.0
812267,10576,5.0
812267,11011,1.0
812267,16338,7.0
812267,17757,5.0
812267,31362,5.0
812267,801743,1.0
812267,801943,25.0
812267,803420,3.0
812267,803564,1.0
812267,805752,2.0
812267,806001,1.0
812267,807314,1.0
812267,807581,1.0
812267,807668,1.0
812267,809034,2.0
812267,907888,1.0
812693,10576,2.0
812693,10689,7.0
812693,16983,2.0
812693,17253,3.0
812693,64108,2.0
812693,74105,45.0
812693,80419,7.0
812693,80724,3.0
812693,800381,7.0
812693,801143,2.0
812693,801943,2.0
812693,801984,22.0
812693,803564,3.0
812693,803702,1.0
812693,804631,1.0
812693,805170,7.0
812693,805620,15.0
812693,806187,4.0
812693,807518,1.0
812693,807581,4.0
812693,809503,1.0
812693,810081,1.0
812693,816764,1.0
812693,907684,1.0
812693,909325,1.0
812693,911199,4.0
813858,28663,4.0
813858,31362,11.0
813858,803420,1.0
815910,803420,34.0
815910,804978,1.0
815910,805863,14.0
815910,806187,5.0
815910,807581,4.0
815910,807668,38.0
815910,807678,2.0
815910,810029,1.0
815910,817729,1.0
815910,907684,41.0
816764,10576,36.0
816764,10689,6.0
816764,11011,1.0
816764,14063,4.0
816764,14600,1.0
816764,16338,4.0
816764,16983,2.0
816764,17253,3.0
816764,18455,1.0
816764,21128,1.0
816764,31362,8.0
816764,46376,1.0
816764,47608,1.0
816764,64108,1.0
816764,74105,1.0
816764,80419,1.0
816764,80724,2.0
816764,82900,4.0
816764,800014,39.0
816764,800381,9.0
816764,801143,19.0
816764,801577,21.0
816764,801743,14.0
816764,801943,1.0
816764,801984,15.0
816764,802425,2.0
816764,802444,3.0
816764,803126,2.0
816764,803277,1.0
816764,803420,1.0
816764,803564,1.0
816764,803702,1.0
816764,804185,2.0
816764,804631,3.0
816764,804978,2.0
816764,805170,2.0
816764,805620,2.0
816764,805752,6.0
816764,805849,12.0
816764,805863,1.0
816764,805963,3.0
816764,805966,8.0
816764,806001,1.0
816764,806128,7.0
816764,806187,8.0
816764,806465,1.0
816764,807245,3.0
816764,807314,6.0
816764,807518,12.0
816764,807581,9.0
816764,807668,3.0
816764,807678,6.0
816764,808085,1.0
816764,809034,1.0
816764,809037,9.0
816764,809503,14.0
816764,810000,1.0
816764,810029,1.0
816764,810081,3.0
816764,812267,1.0
816764,812693,1.0
816764,813858,4.0
816764,815910,1.0
816764,817729,1.0
816764,818343,1.0
816764,907684,1.0
816764,907888,10.0
816764,908365,1.0
816764,908816,3.0
816764,909325,2.0
816764,909760,9.0
816764,911199,2.0
817729,807668,16.0
817729,810029,1.0
817729,815910,1.0
817729,907684,41.0
818343,801984,3.0
818343,803702,2.0
818343,805620,37.0
818343,806001,5.0
818343,809503,29.0
818343,812693,7.0
907684,10689,1.0
907684,10923,3.0
907684,11011,2.0
907684,17757,13.0
907684,28663,12.0
907684,31334,1.0
907684,31362,15.0
907684,46376,1.0
907684,57245,2.0
907684,800014,19.0
907684,801577,14.0
907684,802444,1.0
907684,803126,1.0
907684,803420,19.0
907684,804978,1.0
907684,805752,6.0
907684,805849,1.0
907684,807668,2.0
907684,809034,1.0
907888,10689,23.0
907888,14502,1.0
907888,14600,1.0
907888,16338,1.0
907888,801943,8.0
907888,803277,1.0
907888,807314,10.0
907888,812267,2.0
908365,10689,2.0
908365,18957,1.0
908365,21128,5.0
908365,47608,3.0
908365,800014,9.0
908365,801143,3.0
908365,801577,4.0
908365,801984,1.0
908365,803277,17.0
908365,803564,1.0
908365,806187,12.0
908365,807581,7.0
908365,810081,11.0
908365,812267,4.0
908816,10576,13.0
908816,800014,65.0
908816,800381,6.0
908816,801143,16.0
908816,801577,14.0
908816,801743,3.0
908816,801984,14.0
908816,803702,3.0
908816,804631,7.0
908816,805752,23.0
908816,805849,7.0
908816,805963,2.0
908816,805966,3.0
908816,806187,1.0
908816,806465,12.0
908816,807314,2.0
908816,807518,7.0
908816,807581,7.0
908816,807678,4.0
908816,808085,1.0
908816,809037,2.0
908816,809503,3.0
908816,810081,9.0
908816,812693,1.0
908816,816764,2.0
908816,907888,8.0
908816,909325,5.0
909325,10576,2.0
909325,10689,27.0
909325,16983,14.0
909325,17253,13.0
909325,74105,59.0
909325,80419,3.0
909325,800381,12.0
909325,801143,2.0
909325,801984,2.0
909325,803564,1.0
909325,803702,2.0
909325,804631,5.0
909325,805170,4.0
909325,805963,8.0
909325,806001,1.0
909325,806187,2.0
909325,806465,1.0
909325,807518,18.0
909325,807678,2.0
909325,808085,1.0
909325,810081,1.0
909325,812693,2.0
909325,907684,7.0
909325,909760,5.0
909760,805620,1.0
909760,807245,4.0
911199,11011,4.0
911199,15291,4.0
911199,17757,12.0
911199,18957,6.0
911199,31334,4.0
911199,31362,1.0
911199,802444,1.0
911199,803420,3.0
911199,803702,1.0
926416,12211,1.0
926416,12517,5.0
926416,17015,2.0
926416,20046,1.0
926416,23018,19.0
926416,25244,47.0
926416,49374,3.0
926416,50414,7.0
926416,51528,14.0
926416,51896,5.0
926416,57157,2.0
926416,64767,10.0
926416,67639,3.0
926416,101999,6.0
926416,132084,28.0
926416,132949,6.0
926416,189486,1.0
926416,194866,12.0
926416,535628,1.0
926416,551827,9.0
